year,state,permit,permit_recheck,handgun,long_gun,other,multiple,admin,prepawn_handgun,prepawn_long_gun,prepawn_other,redemption_handgun,redemption_long_gun,redemption_other,returned_handgun,returned_long_gun,returned_other,rentals_handgun,rentals_long_gun,private_sale_handgun,private_sale_long_gun,private_sale_other,return_to_seller_handgun,return_to_seller_long_gun,return_to_seller_other,totals,crime_total_murders,crime_total_firearms,crime_handguns,crime_rifles,crime_shotguns,crime_firearms_type_unknown,crime_knives__cutting _instruments,crime_other_weapons,crime_hands_fists_feet_etc,Political
31-Dec-06,California,172352,0,200857,227982,0,16624,5,0,0,0,0,0,0,0,0,0,0,0,0,0,0,0,0,0,617820,"2,485","1,822","1,623",74,69,56,315,218,130,Blue
31-Dec-07,California,277806,0,195941,191063,0,191133,0,0,0,0,0,0,0,0,0,0,0,0,0,0,0,0,0,0,855943,"2,249","1,605","1,374",51,74,106,298,228,118,Blue
31-Dec-08,California,335184,0,227528,217609,0,0,77,0,0,0,0,0,0,0,0,0,0,0,0,0,0,0,0,0,780398,"2,142","1,487","1,156",48,64,219,294,241,120,Blue
31-Dec-09,California,291115,0,240795,256203,0,0,51,0,0,0,0,0,0,0,0,0,0,0,0,0,0,0,0,0,788164,"1,972","1,360","1,022",45,49,244,291,214,107,Blue
31-Dec-10,California,295252,0,245159,275458,0,0,530,0,0,0,0,0,0,0,0,0,0,0,0,0,0,0,0,0,816399,"1,811","1,257",953,59,44,201,250,201,103,Blue
31-Dec-16,California,1036981,0,560355,554550,211707,0,0,0,0,0,6752,6645,177,0,0,0,0,0,0,0,0,0,0,0,2377167,"1,930","1,368",930,37,36,365,280,193,89,Blue
31-Dec-12,California,324057,0,375569,423207,809,0,3,0,0,0,5241,3689,28,0,0,0,0,0,0,0,0,0,0,0,1132603,"1,879","1,304",899,38,52,315,261,227,87,Blue
31-Dec-17,California,689851,0,512465,318133,38783,0,0,0,0,0,6024,4764,90,0,0,0,0,0,0,0,0,0,0,0,1570110,"1,830","1,274",886,37,34,317,258,195,103,Blue
31-Dec-11,California,278625,0,303169,320988,186,0,24,0,0,0,1645,1058,6,0,0,0,0,0,0,0,0,0,0,0,905701,"1,790","1,220",866,45,50,259,261,208,101,Blue
31-Dec-15,California,873632,0,477822,343127,53693,0,0,0,0,0,6639,6067,99,0,0,0,0,0,0,0,0,0,0,0,1761079,"1,861","1,275",855,34,33,353,263,233,90,Blue
31-Dec-18,California,497069,0,433106,312752,43189,0,0,0,0,0,6257,4582,177,0,0,0,0,0,0,0,0,0,0,0,1297132,"1,739","1,177",834,24,27,292,252,223,87,Blue
31-Dec-13,California,423953,0,407355,526191,1002,0,19,0,0,0,5663,4081,31,0,0,0,0,0,0,0,0,0,0,0,1368295,"1,745","1,224",805,29,48,342,238,191,92,Blue
31-Dec-14,California,547611,0,495962,369009,49227,0,147,0,0,0,6371,6153,136,0,0,0,0,0,0,0,0,0,0,0,1474616,"1,697","1,169",763,40,43,323,256,175,97,Blue
31-Dec-19,California,431844,0,432239,299161,49517,0,17326,0,0,0,6165,4257,123,0,0,0,0,0,0,0,0,0,0,0,1240632,"1,679","1,142",762,34,26,320,252,183,102,Blue
31-Dec-16,Illinois,962930,419341,352411,177255,0,12133,0,0,0,0,0,0,0,0,0,0,0,0,0,0,0,0,0,0,1924070,941,799,728,14,5,52,61,62,19,Blue
31-Dec-17,Illinois,182719,982905,282267,142550,0,10646,0,0,0,0,0,0,0,0,0,0,0,0,0,0,0,0,0,0,1601087,814,693,596,24,3,70,53,50,18,Blue
31-Dec-18,Illinois,190991,2236446,259554,133987,0,10469,0,0,0,0,0,0,0,0,0,0,0,0,0,0,0,0,0,0,2831447,864,708,592,14,4,98,77,53,26,Blue
31-Dec-19,Illinois,166970,4403672,248616,119357,0,10955,0,0,0,0,0,0,0,0,0,0,0,0,0,0,0,0,0,0,4949570,771,647,564,7,4,72,70,44,10,Blue
31-Dec-15,Illinois,838018,0,252978,146878,0,9524,0,0,0,0,0,0,0,0,0,0,0,0,0,0,0,0,0,0,1247398,497,440,431,2,1,6,29,25,3,Blue
31-Dec-12,Illinois,670197,0,181910,174405,0,9549,0,0,0,0,0,0,0,0,0,0,0,0,0,0,0,0,0,0,1036061,509,439,429,4,2,4,39,19,12,Blue
31-Dec-19,Maryland,40927,89,43180,58776,1468,463,0,33,28,4,820,1459,13,723,282,6,0,0,0,324,183,18,16,1,148813,551,460,414,3,4,39,43,34,14,Blue
31-Dec-08,Illinois,427723,0,80729,102650,0,4839,0,0,0,0,0,0,0,0,0,0,0,0,0,0,0,0,0,0,615941,530,421,412,3,1,5,48,50,11,Blue
31-Dec-11,New York,37459,0,65774,163547,3711,1032,228,0,0,0,0,86,0,0,0,0,0,0,0,0,0,0,0,0,271837,774,445,394,5,16,30,160,143,26,Blue
31-Dec-07,Maryland,11076,0,22237,45294,0,87,1,7,8,0,430,1109,0,0,0,0,0,0,0,0,0,0,0,0,80249,553,414,388,9,11,6,53,63,23,Blue
31-Dec-06,Illinois,365917,0,60587,97719,0,3475,0,0,0,0,0,0,0,0,0,0,0,0,0,0,0,0,0,0,527698,487,392,380,4,6,2,46,35,14,Blue
31-Dec-06,Maryland,20977,0,8957,50532,0,77,0,5,10,0,482,1167,0,0,0,0,0,0,0,0,0,0,0,0,82207,546,403,372,5,17,9,72,46,25,Blue
31-Dec-11,Illinois,553984,0,134178,133935,0,6865,0,0,0,0,0,0,0,0,0,0,0,0,0,0,0,0,0,0,828962,452,377,364,1,5,7,29,29,17,Blue
31-Dec-14,Illinois,944162,0,235090,155203,0,9640,0,0,0,0,1,0,0,0,0,0,0,0,0,0,0,0,0,0,1344096,428,371,364,5,1,1,30,14,13,Blue
31-Dec-09,Illinois,528388,0,99880,118568,0,5235,0,0,0,0,0,0,0,0,0,0,0,0,0,0,0,0,0,0,752071,479,386,360,5,8,13,39,48,6,Blue
31-Dec-12,New York,30529,0,82884,214474,6667,1599,2341,0,0,0,3,122,0,0,0,0,0,0,0,0,0,0,0,0,338619,682,407,358,11,6,32,126,126,23,Blue
31-Dec-10,Illinois,463699,0,109204,116746,1,5650,0,0,0,0,0,0,0,0,0,0,0,0,0,0,0,0,0,0,695300,453,364,355,3,1,5,30,43,16,Blue
31-Dec-13,Illinois,848615,0,236374,184681,0,10943,0,0,0,0,0,0,0,0,0,0,0,0,0,0,0,0,0,0,1280613,433,364,352,3,2,7,41,19,9,Blue
31-Dec-18,Maryland,31341,1,52671,61200,1631,453,0,24,14,1,846,1594,21,775,290,1,0,0,0,268,310,13,14,2,151470,470,388,345,1,10,32,39,30,13,Blue
31-Dec-17,Maryland,34365,1,51873,66023,2592,347,0,6,18,3,733,1663,26,502,216,0,0,0,0,228,30,10,11,12,158659,475,370,339,5,3,23,44,50,11,Blue
31-Dec-15,New York,39889,0,107532,184216,7360,1800,0,7,10,0,146,184,11,1,2,1,0,0,2774,1879,99,45,88,4,346048,611,383,331,1,5,46,104,104,20,Blue
31-Dec-07,Illinois,375313,0,64374,93588,0,3700,0,0,0,0,0,0,0,0,0,0,0,0,0,0,0,0,0,0,536975,463,343,330,4,6,3,53,57,10,Blue
31-Dec-08,Maryland,3357,0,36916,47551,0,104,2,2,9,0,434,1208,0,0,0,0,0,0,0,0,0,0,0,0,89583,493,353,328,4,13,8,61,51,28,Blue
31-Dec-16,Maryland,36025,0,52305,71892,1789,337,0,6,11,0,746,1674,12,329,124,0,0,0,13,70,12,6,9,7,165367,430,328,309,2,3,14,52,29,21,Blue
31-Dec-06,New York,41723,0,28880,127694,0,449,125,10,1,0,5,128,0,0,0,0,0,0,0,0,0,0,0,0,199015,921,400,308,14,8,70,141,351,29,Blue
31-Dec-16,New York,49646,1846,133285,197670,12500,2466,0,12,11,1,201,263,33,1,21,1,11,16,3751,2607,242,89,82,17,404772,628,367,305,2,9,51,130,99,32,Blue
31-Dec-09,Maryland,1,0,45907,47237,64,171,1,9,14,0,473,1314,0,0,0,0,0,0,0,0,0,0,0,0,95191,438,305,297,2,6,0,58,57,18,Blue
31-Dec-13,New York,28505,0,108508,202024,7079,1832,4143,2,6,0,61,178,0,0,0,0,0,0,379,318,16,2,11,0,353064,648,362,290,4,19,49,136,113,37,Blue
31-Dec-14,New York,76653,0,96738,180565,6510,1637,0,6,7,1,90,211,14,0,0,0,0,0,1699,1144,61,40,51,0,365427,613,344,283,1,12,48,139,103,27,Blue
31-Dec-10,Maryland,4,0,39909,45556,231,153,35,13,29,0,645,1578,9,0,0,0,0,0,0,0,0,0,0,0,88162,424,293,272,3,12,6,59,53,19,Blue
31-Dec-06,New Jersey,0,0,16360,20311,0,617,30,0,0,0,0,0,0,0,0,0,0,0,0,0,0,0,0,0,37318,428,289,270,0,7,12,69,47,23,Blue
31-Dec-15,Maryland,19122,0,37088,65102,1354,164,0,7,12,0,784,1803,20,53,21,1,0,0,12,107,10,12,16,6,125694,372,279,266,3,3,7,44,33,16,Blue
31-Dec-12,Maryland,166,0,66909,65937,459,181,0,12,31,0,909,1993,7,0,0,0,0,0,0,0,0,0,0,0,136604,365,277,265,5,2,5,45,28,15,Blue
31-Dec-13,Maryland,7207,0,132453,87046,1335,272,0,5,67,34,595,1963,54,0,0,0,0,1,4,85,52,0,7,2,231182,379,268,263,0,4,1,57,29,25,Blue
31-Dec-11,Maryland,290,0,45851,53678,318,165,0,19,14,0,813,1869,3,0,0,0,0,0,0,0,0,0,0,0,103020,398,272,262,2,5,3,75,34,17,Blue
31-Dec-19,New York,39598,26234,103076,157218,17004,2718,0,10,18,12,549,472,76,354,772,10,30,49,3552,3207,216,88,106,5,355374,550,298,255,3,5,35,119,89,44,Blue
31-Dec-18,New York,34512,20387,108936,164530,16203,2545,0,11,11,21,748,464,75,333,626,17,50,49,4611,3965,282,110,120,8,358614,546,313,254,6,10,43,124,63,46,Blue
31-Dec-07,New Jersey,0,0,16505,19322,0,536,49,0,0,0,0,0,0,0,0,0,0,0,0,0,0,0,0,0,36412,380,260,244,1,5,10,46,37,37,Blue
31-Dec-11,New Jersey,0,0,31163,28005,231,849,8,0,0,0,0,0,0,0,0,0,0,0,0,0,0,0,0,0,60256,379,269,238,1,5,25,51,41,18,Blue
31-Dec-12,New Jersey,0,0,45151,38508,2191,0,0,1,0,0,0,0,0,0,0,0,0,0,0,0,0,0,0,0,85851,385,273,237,6,3,27,63,32,17,Blue
31-Dec-17,New York,34301,16545,124253,181692,13149,2274,0,9,14,7,347,283,42,211,406,3,36,56,4925,3455,269,105,101,12,382495,547,292,233,6,9,44,113,91,51,Blue
31-Dec-13,New Jersey,0,0,66786,50287,2998,0,0,0,0,0,0,0,0,0,0,0,0,0,0,0,0,0,0,0,120071,401,291,229,0,2,60,53,37,20,Blue
31-Dec-10,New Jersey,0,0,25593,24032,0,888,9,0,0,0,0,0,0,0,0,0,0,0,0,0,0,0,0,0,50522,363,246,216,7,2,21,50,39,28,Blue
31-Dec-16,New Jersey,0,0,70249,49099,2505,0,0,0,0,0,0,0,0,0,0,0,0,0,0,0,0,0,0,0,121853,372,278,212,1,3,62,29,42,23,Blue
31-Dec-08,New Jersey,0,0,19042,20719,0,722,42,0,0,0,0,0,0,0,0,0,0,0,0,0,0,0,0,0,40525,376,236,202,1,3,30,67,39,34,Blue
31-Dec-15,New Jersey,0,0,47849,40533,1652,0,0,0,0,0,0,0,0,0,0,0,0,0,0,0,0,0,0,0,90034,353,255,200,3,0,52,38,41,19,Blue
31-Dec-14,New Jersey,0,0,49910,40664,1745,0,0,1,0,0,0,0,0,0,0,0,0,0,0,0,0,0,0,0,92320,337,243,200,3,5,35,42,34,18,Blue
31-Dec-14,Maryland,19079,0,55012,64067,906,142,11,16,14,25,809,1867,33,0,0,0,0,0,0,168,37,0,6,15,142207,309,208,190,1,6,11,67,20,14,Blue
31-Dec-09,New Jersey,0,0,29976,24517,0,1022,18,0,0,0,0,0,0,0,0,0,0,0,0,0,0,0,0,0,55533,319,220,189,3,6,22,44,36,19,Blue
31-Dec-17,New Jersey,0,0,58989,42432,2318,0,0,0,0,0,0,0,0,0,0,0,0,0,0,0,0,0,0,0,103739,324,242,175,7,4,56,42,29,11,Blue
31-Dec-07,Virginia,0,0,114206,124081,0,3228,23,0,0,0,0,0,0,0,0,0,0,0,0,0,0,0,0,0,241538,406,287,163,5,10,109,48,51,20,Blue
31-Dec-17,Virginia,11835,1,292199,198004,18622,0,0,0,0,0,0,0,0,123,43,0,0,0,0,0,0,0,0,0,520827,453,338,156,11,11,160,44,54,17,Blue
31-Dec-18,New Jersey,0,0,51074,39488,2270,0,0,0,0,0,0,0,0,0,0,0,0,0,155,119,5,2,7,4,93124,286,202,152,0,2,48,37,28,19,Blue
31-Dec-16,Virginia,9817,0,295963,209975,12547,0,0,0,0,0,0,0,0,49,18,0,0,0,0,0,0,0,0,0,528369,482,352,151,10,10,181,33,67,30,Blue
31-Dec-19,Virginia,10353,2604,281144,173799,44048,4,5,0,0,0,0,0,0,684,123,2,0,0,0,0,0,0,0,0,512766,427,323,150,15,9,149,40,49,15,Blue
31-Dec-15,Virginia,6028,0,262120,184030,10728,0,0,0,0,0,0,0,0,55,34,2,0,0,0,0,0,0,0,0,462997,383,275,148,6,7,114,51,43,14,Blue
31-Dec-06,Virginia,0,0,103742,132077,0,3038,0,0,0,0,0,0,0,5,0,0,0,0,0,0,0,0,0,0,238862,398,264,142,6,13,103,49,70,15,Blue
31-Dec-18,Virginia,18450,305,253744,168859,34835,0,0,0,0,0,0,0,0,472,88,7,0,0,0,0,0,0,0,0,476760,391,297,141,8,5,143,30,49,15,Blue
31-Dec-10,Virginia,0,0,169736,145468,0,5579,0,0,0,0,0,0,0,0,0,0,0,0,0,0,0,0,0,0,320783,369,250,137,9,12,92,47,50,22,Blue
31-Dec-10,New York,30047,0,59848,147539,2950,909,121,1,1,0,3,76,0,0,0,0,0,0,0,0,0,0,0,0,241495,860,517,135,6,12,364,173,148,22,Blue
31-Dec-13,Virginia,0,0,257928,229551,10947,0,0,0,0,0,0,0,0,0,0,0,0,0,0,0,0,0,0,0,498426,315,225,126,3,6,90,30,40,20,Blue
31-Dec-08,Virginia,0,0,137088,137713,0,4167,6,0,0,0,0,0,0,0,0,0,0,0,0,0,0,0,0,0,278974,366,240,121,12,13,94,54,61,11,Blue
31-Dec-18,District of Columbia,2220,0,975,38,1,6,1,0,0,0,1,0,0,0,2,0,0,0,0,0,0,0,0,0,3244,151,120,120,0,0,0,20,7,4,Blue
31-Dec-14,Virginia,732,0,221407,187656,9969,0,0,0,0,0,0,0,0,0,0,0,0,0,0,0,0,0,0,0,419764,337,228,119,9,10,90,35,53,21,Blue
31-Dec-19,New Jersey,0,0,48969,38355,2450,0,0,0,0,0,0,0,0,17,1,0,0,0,820,584,28,8,15,10,91257,262,176,118,2,1,55,45,25,16,Blue
31-Dec-09,New York,34216,0,54613,148597,1265,2257,155,0,0,0,0,62,0,0,0,0,0,0,0,0,0,0,0,0,241165,779,481,117,8,13,343,166,109,23,Blue
31-Dec-07,New York,39927,0,40064,131364,0,621,95,0,12,0,0,91,0,0,0,0,0,0,0,0,0,0,0,0,212174,800,500,113,12,9,366,142,124,34,Blue
31-Dec-11,Virginia,0,0,175556,149404,84,6424,0,0,0,0,0,0,0,0,0,0,0,0,0,0,0,0,0,0,331468,303,208,110,10,15,73,33,41,21,Blue
31-Dec-09,Virginia,0,0,148246,143801,0,4416,0,0,0,0,0,0,0,0,0,0,0,0,0,0,0,0,0,0,296463,347,229,108,8,7,106,41,55,22,Blue
31-Dec-08,New York,35622,0,44324,140795,0,989,102,0,1,0,5,82,0,0,0,0,0,0,0,0,0,0,0,0,221920,835,475,107,12,20,336,184,147,29,Blue
31-Dec-16,District of Columbia,144,0,675,48,0,8,0,0,0,0,0,0,0,0,0,0,0,0,0,0,0,0,0,0,875,136,105,105,0,0,0,19,6,6,Blue
31-Dec-12,Virginia,0,0,235889,203068,9797,0,0,0,0,0,0,0,0,0,0,0,0,0,0,0,0,0,0,0,448754,314,220,103,9,2,106,37,38,19,Blue
31-Dec-18,Colorado,112566,0,216617,160860,17352,13538,2,0,0,0,0,0,0,3159,651,25,0,0,0,0,0,0,0,0,524770,207,147,99,2,8,38,27,13,20,Blue
31-Dec-06,Washington,64972,0,70278,96733,0,3182,134,30,40,0,8034,11811,0,159,14,0,0,0,0,0,0,0,0,0,255387,186,107,90,3,12,2,31,28,20,Blue
31-Dec-19,Washington,172462,2487,206107,128716,46455,8215,156,130,788,49,9385,10186,227,6252,1294,131,0,0,7125,5688,1022,189,98,8,607170,194,135,89,5,3,38,23,24,12,Blue
31-Dec-17,District of Columbia,729,0,756,45,0,8,0,0,0,0,0,0,0,2,0,0,0,0,0,0,0,0,0,0,1540,116,90,89,0,0,1,15,5,6,Blue
31-Dec-17,Colorado,68665,0,229708,166994,15083,13354,3,0,0,0,0,0,0,2629,544,15,0,0,0,0,0,0,0,0,496995,218,137,88,7,4,38,37,22,22,Blue
31-Dec-16,Colorado,85087,0,242502,180026,15890,14293,0,0,0,0,0,0,0,2267,443,6,0,0,0,0,0,0,0,0,540514,202,136,87,4,4,41,27,28,11,Blue
31-Dec-15,Washington,126583,0,183549,129667,15639,6814,52,57,73,2,14854,14452,31,3730,1250,69,0,0,2729,2418,209,34,65,3,502280,209,141,84,3,5,49,18,36,14,Blue
31-Dec-19,Colorado,75319,0,210909,147663,18205,13330,2,0,0,0,0,0,0,3421,663,23,0,0,0,0,0,0,0,0,469535,209,135,83,5,3,44,32,30,12,Blue
31-Dec-08,Washington,82055,0,97464,113027,0,4628,69,17,32,0,8133,11164,0,0,0,0,0,0,0,0,0,0,0,0,316589,190,110,82,2,10,16,32,25,23,Blue
31-Dec-09,District of Columbia,0,0,356,2,0,0,11,0,0,0,0,0,0,0,0,0,0,0,0,0,0,0,0,0,369,144,113,80,1,1,31,17,9,5,Blue
31-Dec-07,Washington,77723,0,79340,96921,0,3462,125,43,43,0,7576,10923,0,0,0,0,0,0,0,0,0,0,0,0,276156,170,99,78,5,6,10,27,29,15,Blue
31-Dec-18,Washington,177654,736,202826,148345,33596,9382,24,162,158,33,14738,12222,177,5619,1370,136,0,0,10377,8549,859,179,153,6,627301,232,138,76,2,5,55,45,35,14,Blue
31-Dec-17,Washington,159260,713,198632,138087,22861,7790,35,93,106,13,14815,12508,73,5438,1377,88,0,0,9657,7415,487,98,118,14,579678,228,134,75,1,1,57,36,40,18,Blue
31-Dec-09,Washington,83867,0,111756,111328,1612,6684,54,25,45,0,9178,12183,0,0,0,0,0,0,0,0,0,0,0,0,336732,169,101,75,16,4,6,35,14,19,Blue
31-Dec-10,Washington,80101,0,117336,103848,4031,4487,30,49,86,2,11303,14051,18,0,0,0,0,0,0,0,0,0,0,0,335342,151,93,73,4,2,14,24,22,12,Blue
31-Dec-10,Connecticut,90942,0,47545,40546,470,0,92,0,0,0,0,0,0,0,0,0,0,0,0,0,0,0,0,0,179595,131,97,72,0,1,24,20,8,6,Blue
31-Dec-12,Washington,132907,0,183670,154850,9359,6479,56,28,35,3,14935,16879,8,0,0,0,0,0,0,0,0,0,0,0,519209,194,106,71,4,3,28,43,33,12,Blue
31-Dec-08,New Mexico,4258,0,40601,46633,0,2562,0,50,193,0,3777,8057,0,0,0,0,0,0,0,0,0,0,0,0,106131,134,88,70,4,7,7,22,13,11,Blue
31-Dec-16,Washington,268274,652,214106,151029,23732,8028,39,78,74,16,15082,13844,78,4747,1429,78,0,0,6669,5472,382,69,104,14,713996,195,127,69,11,5,42,19,38,11,Blue
31-Dec-06,Massachusetts,96876,0,21341,16888,0,763,1280,0,0,0,0,0,0,0,0,0,0,0,0,0,0,0,0,0,137148,185,111,66,2,3,40,42,28,4,Blue
31-Dec-07,New Mexico,3398,0,33745,42206,0,1871,0,28,93,0,3595,8368,0,0,0,0,0,0,0,0,0,0,0,0,93304,148,81,66,10,1,4,20,26,21,Blue
31-Dec-07,Massachusetts,125399,0,22247,16963,0,727,110,0,0,0,0,0,0,0,0,0,0,0,0,0,0,0,0,0,165446,182,114,65,1,3,45,31,23,14,Blue
31-Dec-15,Colorado,48739,0,216791,163128,11488,12415,3,2,0,0,5,7,0,1228,253,3,0,0,0,0,0,0,0,0,454062,176,115,65,12,6,32,25,19,17,Blue
31-Dec-15,District of Columbia,28,0,674,32,0,2,5,0,0,0,0,0,0,1,0,0,0,0,0,0,0,0,0,0,742,162,121,65,1,0,55,28,8,5,Blue
31-Dec-12,Colorado,41271,0,184989,170969,4939,12650,4,2,1,0,9,4,0,0,0,0,0,0,0,0,0,0,0,0,414838,160,92,61,3,5,23,29,22,17,Blue
31-Dec-14,Colorado,54514,0,182498,156062,8756,11334,0,18,6,0,46,50,0,0,0,0,0,0,0,0,0,0,0,0,413284,149,91,60,3,2,26,25,20,13,Blue
31-Dec-08,Massachusetts,75251,0,24184,19407,0,962,55,0,0,0,0,0,0,0,0,0,0,0,0,0,0,0,0,0,119859,164,89,59,2,0,28,49,23,3,Blue
31-Dec-11,Washington,101640,0,137157,116763,5362,5038,106,26,48,0,12969,15292,9,0,0,0,0,0,0,0,0,0,0,0,394410,161,79,58,1,3,17,29,36,17,Blue
31-Dec-06,Connecticut,41706,0,25726,26291,0,719,3174,0,0,0,0,0,0,0,0,0,0,0,0,0,0,0,0,0,97616,100,65,57,0,2,6,18,12,5,Blue
31-Dec-07,Colorado,3079,0,84766,112173,0,21715,4,0,0,0,0,0,0,0,0,0,0,0,0,0,0,0,0,0,221737,150,85,56,0,2,27,23,25,17,Blue
31-Dec-09,Colorado,1,0,126647,132671,0,54322,0,0,0,0,0,0,0,0,0,0,0,0,0,0,0,0,0,0,313641,167,94,55,6,6,27,23,30,20,Blue
31-Dec-14,Washington,132184,0,167432,130056,13687,6636,49,38,54,8,15943,15983,45,0,0,0,0,0,0,0,0,0,0,0,482115,172,94,54,6,4,30,25,42,11,Blue
31-Dec-09,New Mexico,5871,0,40840,44715,418,3036,0,48,117,0,3815,7994,0,0,0,0,0,0,0,0,0,0,0,0,106854,144,78,54,2,3,19,24,29,13,Blue
31-Dec-11,Connecticut,93587,0,49793,41435,1145,0,108,0,0,0,0,0,0,0,0,0,0,0,0,0,0,0,0,0,186068,128,94,54,1,1,38,18,10,6,Blue
31-Dec-10,Massachusetts,58474,0,33468,21903,1001,1038,20,0,0,0,0,0,0,0,0,0,0,0,0,0,0,0,0,0,115904,209,118,52,0,1,65,50,31,10,Blue
31-Dec-11,Massachusetts,83795,0,42506,24802,1128,1237,19,0,0,0,0,0,0,0,0,0,0,0,0,0,0,0,0,0,153487,183,122,52,0,1,69,30,22,9,Blue
31-Dec-19,District of Columbia,4376,0,1295,41,0,19,6,0,0,0,0,0,0,5,4,180,0,0,0,0,0,0,0,0,5926,166,136,52,0,0,84,18,2,10,Blue
31-Dec-19,New Mexico,10290,0,74072,48752,7062,4673,0,117,109,8,5292,5490,15,552,0,0,0,0,244,128,13,7,5,0,156829,146,96,51,1,3,41,21,24,5,Blue
31-Dec-09,Connecticut,114110,0,46464,40850,112,708,210,0,0,0,0,0,0,0,0,0,0,0,0,0,0,0,0,0,202454,107,70,51,0,2,17,17,14,6,Blue
31-Dec-08,Colorado,1,0,117975,132372,0,35173,0,0,0,0,0,0,0,0,0,0,0,0,0,0,0,0,0,0,285521,151,86,50,3,2,31,31,17,17,Blue
31-Dec-12,Connecticut,117327,0,63570,53992,2521,0,86,0,0,0,0,0,0,0,0,0,0,0,0,0,0,0,0,0,237496,146,112,50,27,1,34,17,14,3,Blue
31-Dec-06,New Mexico,2839,0,30287,42708,0,1752,0,28,45,0,3760,8902,0,0,0,0,0,0,0,0,0,0,0,0,90321,99,57,48,3,3,3,21,7,14,Blue
31-Dec-09,Massachusetts,44428,0,30166,22114,597,1532,27,0,0,0,0,0,0,0,0,0,0,0,0,0,0,0,0,0,98864,169,93,47,2,1,43,40,29,7,Blue
31-Dec-13,Washington,152569,0,199142,159388,11676,6750,75,41,57,5,15105,16277,37,0,0,0,0,0,0,0,0,0,0,0,561122,155,86,47,0,7,32,29,27,13,Blue
31-Dec-13,Colorado,89282,0,213176,188017,8970,15130,12,16,11,0,22,22,0,0,0,0,0,0,0,0,0,0,0,0,514658,174,88,46,5,3,34,34,39,13,Blue
31-Dec-08,Connecticut,73454,0,37234,37053,0,855,7289,0,0,0,0,0,0,0,0,0,0,0,0,0,0,0,0,0,155885,112,71,46,1,0,24,27,11,3,Blue
31-Dec-13,New Mexico,11997,0,63923,61320,2861,3532,0,45,76,0,5095,7479,5,0,0,0,0,0,0,0,0,0,0,0,156333,106,59,46,5,2,6,19,20,8,Blue
31-Dec-11,New Mexico,6413,0,46708,45187,1240,2520,2,42,70,0,5155,8275,8,0,0,0,0,0,0,0,0,0,0,0,115620,121,60,45,2,2,11,21,32,8,Blue
31-Dec-12,New Mexico,8025,0,58155,57555,2255,3329,1,42,59,1,5373,8612,12,0,0,0,0,0,0,0,0,0,0,0,143419,109,67,42,5,5,15,14,21,7,Blue
31-Dec-18,New Mexico,11758,0,68549,52931,6428,4115,3,83,84,3,5794,6252,38,569,0,0,0,0,105,115,15,3,7,1,156853,137,87,39,3,0,45,23,22,5,Blue
31-Dec-11,Colorado,1280,0,148975,146166,0,39875,0,0,0,0,0,0,0,0,0,0,0,0,0,0,0,0,0,0,336296,147,73,39,3,5,26,22,31,21,Blue
31-Dec-06,Colorado,12522,0,79488,117350,0,5389,0,0,0,0,0,0,0,0,0,0,0,0,0,0,0,0,0,0,214749,156,85,38,0,8,39,35,16,20,Blue
31-Dec-18,Massachusetts,116282,0,53039,32848,5593,2060,33,2,0,6,70,46,2,10,9,3,0,0,644,477,133,22,16,0,211295,136,93,37,0,1,55,25,13,5,Blue
31-Dec-11,District of Columbia,0,0,280,9,0,2,9,0,0,0,0,0,0,0,0,0,0,0,0,0,0,0,0,0,300,108,77,37,0,1,39,21,9,1,Blue
31-Dec-07,Connecticut,52769,0,29991,28627,0,664,4061,0,0,0,0,0,0,0,0,0,0,0,0,0,0,0,0,0,116112,95,57,37,0,4,16,14,20,4,Blue
31-Dec-10,New Mexico,8100,0,42618,42293,996,2386,0,65,109,1,4411,8083,7,0,0,0,0,0,0,0,0,0,0,0,109069,118,67,36,6,2,23,29,15,7,Blue
31-Dec-13,Massachusetts,143528,0,61219,40058,4396,2033,108,3,3,1,6,4,0,0,0,0,0,0,1,1,0,0,0,0,251361,135,78,35,2,0,41,25,25,7,Blue
31-Dec-17,Massachusetts,96467,1,66966,34448,4905,1934,144,4,0,6,63,51,5,12,6,0,0,0,760,493,184,23,15,5,206492,170,99,34,0,0,65,36,29,6,Blue
31-Dec-16,Massachusetts,97516,16,75977,41931,7096,2480,37,1,3,1,74,57,17,5,2,1,0,0,494,373,98,16,14,3,226212,132,85,34,0,0,51,25,11,11,Blue
31-Dec-10,Colorado,12928,0,130155,129642,0,28094,1,0,0,0,0,0,0,0,0,0,0,0,0,0,0,0,0,0,300820,117,65,34,0,4,27,20,21,11,Blue
31-Dec-17,Oregon,38968,170,168938,131568,0,34,12,0,0,0,0,0,0,1025,448,4,0,0,0,0,0,0,0,0,341167,100,58,34,2,2,20,17,22,3,Blue
31-Dec-13,Connecticut,163105,0,68920,57455,4521,0,337,0,0,0,0,0,0,0,0,0,0,0,0,0,0,0,0,0,294338,86,60,34,0,0,26,12,5,9,Blue
31-Dec-19,Massachusetts,123086,6,50515,29507,5911,2117,86,2,3,3,82,67,5,8,2,0,0,0,434,335,109,23,15,0,212316,146,86,33,0,0,53,38,14,8,Blue
31-Dec-14,Massachusetts,80130,0,59663,33395,4032,1919,95,1,4,1,60,33,11,0,0,0,0,0,0,0,0,0,0,0,179344,131,81,33,0,0,48,34,13,3,Blue
31-Dec-15,Massachusetts,60526,0,65841,34145,4493,1877,12,0,3,0,35,33,6,9,6,5,0,0,171,108,14,0,0,1,167285,126,81,33,1,0,47,27,11,7,Blue
31-Dec-10,District of Columbia,2,0,308,11,0,0,28,0,0,0,0,0,0,0,0,0,0,0,0,0,0,0,0,0,349,131,99,32,0,0,67,20,7,5,Blue
31-Dec-12,Massachusetts,115496,0,55136,35033,2687,1996,105,0,0,0,0,0,0,0,0,0,0,0,0,0,0,0,0,0,210453,121,70,32,0,1,37,33,12,6,Blue
31-Dec-16,Oregon,2903,6,178716,143029,0,0,20,0,0,0,0,0,0,23,11,0,0,0,0,0,0,0,0,0,324708,100,51,32,6,1,12,24,24,1,Blue
31-Dec-19,Oregon,60616,6982,166667,120905,0,100,32,0,0,0,0,0,0,1685,704,9,0,0,0,0,0,0,0,0,357700,98,61,31,1,4,25,19,14,4,Blue
31-Dec-14,District of Columbia,0,0,475,30,0,6,1,0,0,0,0,0,0,0,0,0,0,0,0,0,0,0,0,0,512,105,73,30,0,1,42,17,10,5,Blue
31-Dec-13,District of Columbia,0,0,453,37,1,6,0,0,0,0,0,0,0,0,0,0,0,0,0,0,0,0,0,0,497,103,81,30,1,1,49,12,5,5,Blue
31-Dec-17,Connecticut,77904,2560,71853,25866,3023,0,505,0,0,62,0,0,0,0,0,0,0,0,3,3,0,0,0,0,181779,102,72,30,0,1,41,11,9,10,Blue
31-Dec-18,Oregon,61444,988,166211,128724,0,75,43,0,0,0,0,0,0,1519,668,10,0,0,0,0,0,0,0,0,359682,81,48,30,3,1,14,12,18,3,Blue
31-Dec-15,Connecticut,133565,0,123507,48350,2230,0,88,0,0,0,0,0,0,0,0,0,0,0,6,4,0,0,0,0,307750,107,73,29,0,2,42,16,9,9,Blue
31-Dec-08,Delaware,0,0,7822,9841,0,439,0,0,0,0,0,0,0,0,0,0,0,0,0,0,0,0,0,0,18102,57,44,29,0,2,13,6,5,2,Blue
31-Dec-14,Delaware,2468,0,19310,19271,824,812,0,20,24,0,112,108,1,0,0,0,0,0,0,0,0,0,0,0,42950,54,39,29,0,0,10,4,3,8,Blue
31-Dec-15,Delaware,4520,0,23245,20043,897,803,1,45,35,0,329,140,3,0,0,0,0,0,244,89,8,9,4,1,50416,63,52,26,0,0,26,6,3,2,Blue
31-Dec-12,Delaware,36,0,15684,13873,465,601,0,0,0,0,28,37,0,0,0,0,0,0,0,0,0,0,0,0,30724,57,41,25,1,2,13,5,8,3,Blue
31-Dec-10,Delaware,0,0,9230,9466,207,337,0,0,0,0,0,0,0,0,0,0,0,0,0,0,0,0,0,0,19240,48,38,25,0,2,11,8,0,2,Blue
31-Dec-08,Oregon,608,0,71876,103276,0,4127,0,0,0,0,0,0,0,0,0,0,0,0,0,0,0,0,0,0,179887,82,47,24,2,2,19,16,18,1,Blue
31-Dec-16,Connecticut,148949,0,122375,43813,2445,0,108,0,0,0,0,0,0,0,0,0,0,0,0,2,0,0,0,0,317692,76,48,24,0,1,23,12,13,3,Blue
31-Dec-13,Delaware,2040,0,19799,16424,864,806,8,0,1,0,62,58,0,0,0,0,0,0,0,0,0,0,0,0,40062,39,33,22,1,0,10,4,2,0,Blue
31-Dec-14,New Mexico,8885,0,58328,52902,3062,3315,0,13,22,0,5718,7515,20,0,0,0,0,0,0,0,0,0,0,0,139780,96,53,21,2,2,28,22,19,2,Blue
31-Dec-17,New Mexico,13493,0,70791,53472,5203,3759,1,41,38,5,5652,6496,31,578,0,0,0,0,100,98,13,0,7,1,159779,113,71,20,2,0,49,20,19,3,Blue
31-Dec-17,Delaware,5984,0,22308,18415,1021,933,42,10,17,1,439,265,47,23,0,0,0,0,752,343,28,5,5,1,50639,52,44,20,0,1,23,3,4,1,Blue
31-Dec-10,Oregon,486,0,80060,98279,0,6010,0,0,0,0,0,0,0,0,0,0,0,0,0,0,0,0,0,0,184835,78,36,20,1,2,13,16,17,9,Blue
31-Dec-09,Delaware,0,0,9712,10246,76,496,0,0,0,0,0,0,0,0,0,0,0,0,0,0,0,0,0,0,20530,41,31,20,2,0,9,6,1,3,Blue
31-Dec-14,Connecticut,130334,0,78637,59470,1508,0,224,0,0,0,1,0,0,0,0,0,0,0,21,28,3,41,25,5,270297,83,51,19,0,3,29,17,5,10,Blue
31-Dec-07,Delaware,0,0,6300,9316,0,296,0,0,0,0,0,0,0,0,0,0,0,0,0,0,0,0,0,0,15912,37,22,19,0,0,3,6,8,1,Blue
31-Dec-11,Delaware,0,0,11126,10672,266,417,0,0,0,0,5,4,0,0,0,0,0,0,0,0,0,0,0,0,22490,41,28,18,0,3,7,8,2,3,Blue
31-Dec-16,Delaware,8440,0,25574,21746,1268,1034,0,22,30,0,255,213,16,0,0,0,0,0,590,195,32,12,3,0,59430,56,41,17,0,0,24,7,8,0,Blue
31-Dec-15,Oregon,553,0,150194,125378,0,0,1,0,0,0,0,0,0,0,0,0,0,0,0,0,0,0,0,0,276126,71,34,17,1,5,11,12,22,3,Blue
31-Dec-06,Oregon,545,0,56364,103452,0,3344,0,0,0,0,0,0,0,0,0,0,0,0,0,0,0,0,0,0,163705,85,44,16,4,2,22,22,12,7,Blue
31-Dec-14,Oregon,538,0,123605,118887,0,0,14,0,0,0,0,0,0,0,0,0,0,0,0,0,0,0,0,0,243044,73,39,16,2,2,19,14,18,2,Blue
31-Dec-13,Oregon,559,0,140539,133202,0,0,2,0,0,0,0,0,0,0,0,0,0,0,0,0,0,0,0,0,274302,78,43,15,0,4,24,12,18,5,Blue
31-Dec-07,Oregon,566,0,60535,98202,0,3326,0,0,0,0,0,0,0,0,0,0,0,0,0,0,0,0,0,0,162629,72,38,15,2,4,17,12,18,4,Blue
31-Dec-15,New Mexico,8917,0,65666,52235,3948,3516,0,22,23,2,5758,7341,14,445,2,0,0,0,8,9,0,3,3,0,147912,94,56,14,1,2,39,18,19,1,Blue
31-Dec-18,Delaware,4947,0,18953,18342,2220,1053,0,10,12,4,203,163,17,617,0,2,0,0,725,387,52,12,3,1,47723,48,40,14,1,2,23,4,3,1,Blue
31-Dec-06,Delaware,0,0,6107,10367,0,220,0,0,0,0,0,4,0,0,0,0,0,0,0,0,0,0,0,0,16698,41,27,14,0,3,10,7,6,1,Blue
31-Dec-19,Delaware,4501,0,20228,16949,1553,993,0,18,19,1,142,115,4,795,0,3,0,0,697,324,58,13,14,0,46427,48,40,13,0,0,27,2,3,3,Blue
31-Dec-16,New Mexico,14149,0,69434,55664,4924,3732,0,59,53,1,5643,6978,30,505,0,0,0,0,22,16,2,2,2,0,161216,99,60,13,1,0,46,17,19,3,Blue
31-Dec-11,Oregon,578,0,95413,106685,0,7103,2,0,0,0,0,0,0,0,0,0,0,0,0,0,0,0,0,0,209781,77,40,13,1,2,24,22,10,5,Blue
31-Dec-16,Hawaii,16627,0,0,0,0,0,1,0,0,0,0,0,0,20,32,1,0,0,0,0,0,0,0,0,16681,35,19,12,3,2,2,8,5,3,Blue
31-Dec-19,Connecticut,78974,5216,58808,22410,7516,0,11,0,0,0,0,0,0,0,0,0,0,0,0,0,0,0,0,0,172935,104,65,11,1,0,53,15,17,7,Blue
31-Dec-12,Oregon,431,0,132660,133862,1,52,35,0,0,0,0,0,0,0,0,0,0,0,0,0,0,0,0,0,267041,81,42,11,2,3,26,17,20,2,Blue
31-Dec-18,Connecticut,80559,5194,60630,24573,6729,0,4,0,0,0,0,0,0,1,0,0,0,0,0,0,0,0,0,0,177690,83,54,10,2,0,42,18,9,2,Blue
31-Dec-09,Oregon,690,0,77167,102016,0,5170,0,0,0,0,0,0,0,0,0,0,0,0,0,0,0,0,0,0,185043,83,41,9,2,10,20,21,19,2,Blue
31-Dec-08,Rhode Island,0,0,5869,5315,0,1221,0,0,0,0,0,0,0,0,0,0,0,0,0,0,0,0,0,0,12405,29,18,9,0,0,9,6,4,1,Blue
31-Dec-12,Rhode Island,0,0,11604,10508,220,1718,0,0,0,0,0,0,0,0,0,0,0,0,0,0,0,0,0,0,24050,34,19,7,0,0,12,5,6,4,Blue
31-Dec-08,Hawaii,8562,0,0,0,0,0,7,0,0,0,0,0,0,0,0,0,0,0,0,0,0,0,0,0,8569,25,11,7,1,2,1,8,0,6,Blue
31-Dec-06,Vermont,0,0,6743,13699,0,271,0,0,0,0,0,0,0,0,0,0,0,0,0,0,0,0,0,0,20713,12,7,7,0,0,0,1,2,2,Blue
31-Dec-18,Hawaii,14046,0,0,0,0,0,1,0,0,0,0,0,0,10,31,0,0,0,0,0,0,0,0,0,14088,33,11,6,1,0,4,10,6,6,Blue
31-Dec-10,Hawaii,10527,0,0,0,0,0,6,0,0,0,0,0,0,0,0,0,0,0,0,0,0,0,0,0,10533,24,7,6,0,0,1,6,5,6,Blue
31-Dec-19,Hawaii,12624,3,0,0,0,0,0,0,0,0,0,0,0,14,25,0,0,0,0,0,0,0,0,0,12666,32,9,5,0,0,4,7,11,5,Blue
31-Dec-16,Rhode Island,0,0,14262,10204,885,1999,0,0,0,0,44,53,1,74,20,24,0,0,125,51,14,2,0,0,27758,29,12,5,0,0,7,9,6,2,Blue
31-Dec-14,Rhode Island,0,0,10045,8419,489,1342,0,1,2,0,50,52,0,0,0,0,0,0,0,0,0,0,0,0,20400,25,12,5,0,1,6,7,5,1,Blue
31-Dec-06,Hawaii,7580,0,0,0,0,0,8,0,0,0,0,0,0,0,0,0,0,0,0,0,0,0,0,0,7588,21,7,5,0,0,2,3,6,5,Blue
31-Dec-07,Vermont,0,0,6673,12991,0,287,0,0,0,0,0,0,0,0,0,0,0,0,0,0,0,0,0,0,19951,12,9,5,2,1,1,2,0,1,Blue
31-Dec-09,Hawaii,10511,0,0,0,0,0,0,0,0,0,0,0,0,0,0,0,0,0,0,0,0,0,0,0,10511,21,8,4,2,1,1,3,4,6,Blue
31-Dec-08,Vermont,0,0,8102,13499,0,390,0,0,0,0,0,0,0,0,0,0,0,0,0,0,0,0,0,0,21991,17,8,4,3,0,1,0,6,3,Blue
31-Dec-13,Rhode Island,0,0,12800,11128,455,2237,0,2,1,0,19,24,0,0,0,0,0,0,0,0,0,0,0,0,26666,31,18,3,0,1,14,5,6,2,Blue
31-Dec-06,Rhode Island,0,0,4315,4543,0,1055,0,0,0,0,6,17,0,0,0,0,0,0,0,0,0,0,0,0,9936,28,7,3,0,0,4,8,11,2,Blue
31-Dec-15,Rhode Island,0,0,11274,8402,703,1561,0,2,1,0,54,47,0,0,0,2,0,0,46,29,7,1,0,0,22129,27,10,3,0,1,6,10,6,1,Blue
31-Dec-07,Rhode Island,0,0,4535,4734,0,949,0,0,0,0,0,4,0,0,0,0,0,0,0,0,0,0,0,0,10222,19,9,3,0,0,6,7,3,0,Blue
31-Dec-12,Hawaii,17406,0,2,2,2,2,2,2,2,2,2,2,2,0,0,0,0,0,0,0,0,0,0,0,17428,13,3,3,0,0,0,2,4,4,Blue
31-Dec-07,Hawaii,6511,0,0,0,0,0,10,0,0,0,0,0,0,0,0,0,0,0,0,0,0,0,0,0,6521,12,3,3,0,0,0,3,1,5,Blue
31-Dec-19,Vermont,0,0,16299,16832,1642,854,37,2,1,1,41,45,12,0,0,0,0,0,32,42,3,0,0,0,35843,11,8,3,2,0,3,0,1,2,Blue
31-Dec-14,Vermont,0,0,13914,16346,647,561,0,0,2,0,12,19,1,0,0,0,0,0,0,0,0,0,0,0,31502,10,6,3,2,0,1,1,1,2,Blue
31-Dec-18,Vermont,2,0,18532,19745,2018,1059,26,0,2,1,33,24,8,0,0,0,0,0,35,58,7,0,0,0,41550,10,3,3,0,0,0,0,5,2,Blue
31-Dec-16,Vermont,0,0,18320,18853,1291,885,1,0,1,0,15,23,11,0,0,0,0,0,5,8,0,2,2,0,39417,14,6,2,2,1,1,2,6,0,Blue
31-Dec-10,Rhode Island,0,0,7641,6062,214,918,0,0,0,0,0,0,0,0,0,0,0,0,0,0,0,0,0,0,14835,29,16,2,1,1,12,5,6,2,Blue
31-Dec-15,Vermont,0,0,16353,16694,787,705,0,1,3,0,6,25,3,0,0,0,0,0,3,4,1,3,0,0,34588,10,8,2,4,0,2,0,1,1,Blue
31-Dec-11,Vermont,0,0,11276,15381,216,419,0,0,0,0,0,0,0,0,0,0,0,0,0,0,0,0,0,0,27292,8,4,2,0,0,2,2,2,0,Blue
31-Dec-12,Vermont,0,0,14891,18590,372,654,0,0,0,0,0,0,0,0,0,0,0,0,0,0,0,0,0,0,34507,8,2,2,0,0,0,2,3,1,Blue
31-Dec-17,Rhode Island,0,0,12959,8154,1042,2116,0,0,0,0,41,39,1,27,14,35,0,0,136,71,6,13,23,0,24677,20,8,1,0,0,7,4,5,3,Blue
31-Dec-19,Rhode Island,0,0,11698,7885,1110,2165,0,0,0,0,45,13,0,471,658,31,0,0,144,79,9,13,17,0,24338,25,10,1,0,0,9,7,6,2,Blue
31-Dec-18,Rhode Island,0,0,12252,8477,1468,2091,0,0,1,3,44,26,0,128,147,101,0,0,176,72,8,19,16,1,25030,16,12,1,1,1,9,2,1,1,Blue
31-Dec-17,Hawaii,12712,0,0,0,0,0,1,0,0,0,0,0,0,14,15,0,0,0,0,0,0,0,0,0,12742,39,4,1,1,0,2,9,10,16,Blue
31-Dec-15,Hawaii,15266,0,0,0,0,0,0,0,0,0,0,0,0,8,16,0,0,0,0,0,0,0,0,0,15290,19,4,1,1,0,2,6,2,7,Blue
31-Dec-11,Rhode Island,0,0,8689,7241,200,1141,0,0,0,0,0,0,0,0,0,0,0,0,0,0,0,0,0,0,17271,14,5,1,0,0,4,5,4,0,Blue
31-Dec-17,Vermont,0,0,17599,17825,1176,869,5,1,0,1,23,55,8,0,0,0,0,0,28,20,0,0,0,0,37610,14,6,1,0,0,5,6,1,1,Blue
31-Dec-13,Hawaii,17415,0,0,0,0,0,1,0,0,0,0,0,0,0,0,0,0,0,0,0,0,0,0,0,17416,9,6,1,2,2,1,2,1,0,Blue
31-Dec-13,Vermont,0,0,15912,18903,585,732,0,0,1,0,1,1,0,0,0,0,0,0,0,0,0,0,0,0,36135,9,5,1,2,1,1,0,1,3,Blue
31-Dec-10,Vermont,0,0,9535,14191,188,362,0,0,0,0,0,0,0,0,0,0,0,0,0,0,0,0,0,0,24276,7,2,1,1,0,0,1,2,2,Blue
31-Dec-14,Hawaii,15225,0,0,0,0,0,0,0,0,0,0,0,0,0,0,0,0,0,0,0,0,0,0,0,15225,5,1,1,0,0,0,0,3,1,Blue
31-Dec-09,Rhode Island,0,0,7168,6244,132,1255,0,0,0,0,0,0,0,0,0,0,0,0,0,0,0,0,0,0,14799,31,18,0,0,0,18,6,5,2,Blue
31-Dec-11,Hawaii,12626,0,0,0,0,0,9,0,0,0,0,0,0,0,0,0,0,0,0,0,0,0,0,0,12635,7,1,0,1,0,0,2,1,3,Blue
31-Dec-09,Vermont,0,0,8898,13594,81,512,0,0,0,0,0,0,0,0,0,0,0,0,0,0,0,0,0,0,23085,7,0,0,0,0,0,4,1,2,Blue
31-Dec-07,Texas,75324,0,240007,343467,0,14028,22605,449,569,0,35287,51860,0,0,0,0,0,0,0,0,0,0,0,0,783596,"1,419",946,727,58,60,101,177,203,93,Red
31-Dec-06,Texas,89836,0,209106,364299,0,13265,22,632,666,0,35722,56688,0,0,0,0,0,0,0,0,0,0,0,0,770236,"1,381",949,711,53,71,114,162,183,87,Red
31-Dec-08,Texas,98980,0,337415,394276,0,20182,2023,454,485,0,38494,52259,0,0,0,0,0,0,0,0,0,0,0,0,944568,"1,372",895,706,58,52,79,230,140,107,Red
31-Dec-09,Texas,147383,0,364996,377244,3128,22858,0,517,577,0,42904,54408,0,0,0,0,0,0,0,0,0,0,0,0,1014015,"1,325",862,661,55,58,88,197,153,113,Red
31-Dec-16,Texas,390462,0,637476,481609,40329,33102,0,455,349,23,78877,57477,470,391,34,13,0,0,333,260,32,14,15,5,1721726,"1,459","1,066",630,51,31,354,175,136,82,Red
31-Dec-15,Texas,268158,0,617174,486807,33752,31812,0,361,309,8,74990,60203,343,2,2,3,0,0,144,149,22,6,20,1,1574266,"1,276",906,610,19,36,241,146,135,89,Red
31-Dec-17,Texas,317766,0,577417,443142,37823,32253,0,517,329,25,81994,54960,466,778,63,1,0,0,951,764,109,28,38,10,1549434,"1,364","1,012",594,40,26,352,156,131,65,Red
31-Dec-10,Texas,122062,0,344377,361378,7744,17966,0,611,630,6,51387,61812,98,0,0,0,0,0,0,0,0,0,0,0,968071,"1,246",805,581,34,48,142,202,130,109,Red
31-Dec-19,Texas,348122,0,554577,382090,43723,35158,84,896,560,46,75713,43539,474,757,62,1,0,0,730,535,100,20,18,7,1487212,"1,379","1,064",568,72,21,403,127,130,58,Red
31-Dec-13,Texas,277031,0,598088,568501,23668,30847,0,474,435,10,68291,65711,217,0,0,0,4,0,0,0,0,0,1,0,1633278,"1,133",760,530,34,30,166,164,129,80,Red
31-Dec-18,Texas,420120,0,523406,403127,43244,41142,9068,849,487,48,78276,48197,496,598,54,0,0,0,1260,1026,152,38,41,3,1571632,"1,301",956,522,33,37,364,128,133,84,Red
31-Dec-11,Texas,161077,0,413943,423486,10474,21885,0,675,663,1,58474,64576,133,0,0,0,0,0,0,0,0,0,0,0,1155387,"1,089",699,497,37,48,117,175,134,81,Red
31-Dec-12,Texas,166035,0,548083,535441,20105,29610,0,589,486,7,67214,68382,180,0,0,0,0,0,0,0,0,0,0,0,1436132,"1,141",745,493,28,41,183,173,122,101,Red
31-Dec-14,Texas,251155,0,513197,504240,27837,29528,0,338,293,16,73037,65996,350,0,0,0,3,0,0,1,0,1,0,0,1465992,"1,141",765,483,33,28,221,145,128,103,Red
31-Dec-11,Louisiana,0,0,101519,130125,2020,4751,16,100,103,0,11226,14689,3,0,0,0,0,0,0,0,0,0,0,0,264552,485,402,372,10,8,12,28,29,26,Red
31-Dec-12,Louisiana,0,0,129806,157772,4155,6529,0,53,73,0,12354,15538,10,0,0,0,0,0,0,0,0,0,0,0,326290,455,370,341,9,8,12,35,27,23,Red
31-Dec-07,Louisiana,0,0,76147,109624,0,2962,0,55,76,0,7799,11538,0,0,0,0,0,0,0,0,0,0,0,0,208201,577,455,339,31,15,70,45,55,22,Red
31-Dec-06,Louisiana,3,0,78149,111258,0,2974,5,38,67,0,7677,12005,0,0,0,0,0,0,0,0,0,0,0,0,212176,488,396,335,29,7,25,35,37,20,Red
31-Dec-09,Louisiana,0,0,97990,122013,817,5085,11,36,40,0,8931,12161,0,0,0,0,0,0,0,0,0,0,0,0,247084,486,402,330,20,11,41,32,37,15,Red
31-Dec-13,Louisiana,0,0,144927,167642,5648,7446,0,55,62,6,12181,15043,14,0,0,0,0,0,0,1,0,0,0,0,353025,453,356,298,8,9,41,34,40,23,Red
31-Dec-17,North Carolina,299025,0,18131,158597,8902,2865,0,128,166,8,24360,24871,73,1,0,0,46,25,119,427,38,7,16,8,537813,547,413,279,9,26,99,33,64,37,Red
31-Dec-17,Tennessee,259782,0,303513,187974,16044,0,1,0,0,0,0,0,0,499,69,71,0,0,0,0,0,0,0,0,767953,525,407,271,19,11,106,42,64,12,Red
31-Dec-10,Louisiana,0,0,89765,119251,1700,3955,5,51,38,0,10550,13879,10,0,0,0,0,0,0,0,0,0,0,0,239204,437,351,263,19,11,58,42,31,13,Red
31-Dec-16,North Carolina,345364,0,16595,176919,9886,2812,0,134,158,6,22656,26577,115,1,0,1,5,5,62,97,18,7,24,3,601445,595,421,262,20,22,117,50,80,44,Red
31-Dec-07,Alabama,0,0,91446,114695,0,4253,0,391,611,0,14987,18972,0,0,0,0,0,0,0,0,0,0,0,0,245355,385,285,262,7,16,0,38,47,15,Red
31-Dec-08,North Carolina,156913,0,2770,148261,0,1876,0,128,259,0,13618,23648,0,0,0,0,0,0,0,0,0,0,0,0,347473,586,362,261,22,25,54,54,102,68,Red
31-Dec-19,Missouri,33222,0,218453,177538,20294,13353,1,160,88,18,18144,11732,93,2974,376,42,0,0,692,526,93,29,28,2,497858,566,486,255,26,10,195,31,37,12,Red
31-Dec-07,North Carolina,112868,0,2610,138244,0,1261,0,109,237,0,12007,21879,0,0,0,0,0,0,0,0,0,0,0,0,289215,555,369,252,17,24,76,63,83,40,Red
31-Dec-18,Tennessee,205089,0,290067,179432,18793,0,6,0,0,0,0,0,0,589,83,42,0,0,0,0,0,0,0,0,694101,496,397,245,26,8,118,28,49,22,Red
31-Dec-09,North Carolina,182768,0,2648,139077,872,2905,0,130,287,0,14377,25396,0,0,0,0,0,0,0,0,0,0,0,0,368460,480,335,243,17,20,55,49,64,32,Red
31-Dec-14,North Carolina,939853,0,12049,165134,5549,2821,0,67,183,5,23146,33458,84,0,0,0,0,0,0,0,0,0,0,0,1182349,469,318,242,21,14,41,39,63,49,Red
31-Dec-08,Louisiana,0,0,94932,129014,0,4218,0,65,50,0,8377,11699,0,0,0,0,0,0,0,0,0,0,0,0,248355,390,309,241,20,12,36,33,34,14,Red
31-Dec-08,Alabama,117,0,112649,143499,0,5673,3,148,178,0,16720,20445,0,0,0,0,0,0,0,0,0,0,0,0,299432,338,262,241,1,20,0,24,35,17,Red
31-Dec-18,Missouri,15177,0,224305,185305,19663,14619,0,123,106,20,18446,13418,99,2488,345,100,0,0,956,838,117,26,28,5,496184,555,473,235,16,9,213,40,32,10,Red
31-Dec-15,North Carolina,285468,0,15243,166991,7675,2769,0,118,180,4,22946,30274,96,0,0,0,0,0,17,77,5,4,8,1,531876,506,353,235,10,21,87,41,77,35,Red
31-Dec-11,North Carolina,167568,0,3703,148662,2616,2043,0,121,220,0,19032,31194,52,0,0,0,0,0,0,0,0,0,0,0,375211,489,335,235,26,19,55,60,57,37,Red
31-Dec-15,Missouri,85663,0,253977,186718,13009,11940,0,96,124,5,14175,17775,64,836,190,23,0,0,153,102,14,4,7,0,584875,499,418,233,12,11,162,26,40,15,Red
31-Dec-18,Louisiana,32047,1223,121441,108625,9667,9602,14,122,132,13,13058,10583,39,0,0,0,0,0,285,283,45,7,5,1,307192,521,436,233,12,5,186,30,44,11,Red
31-Dec-18,North Carolina,303492,0,17932,145649,11520,2806,0,177,190,17,24688,22658,122,0,0,0,95,57,90,352,41,5,21,4,529916,479,346,231,15,16,84,44,52,37,Red
31-Dec-06,North Carolina,104319,0,2675,146016,0,1262,0,74,251,0,12456,22971,0,0,0,0,0,0,0,0,0,0,0,0,290024,530,338,227,23,28,60,59,75,58,Red
31-Dec-06,Alabama,0,0,83100,121077,0,3865,0,491,816,0,14663,19164,0,0,0,0,0,0,0,0,0,0,0,0,243176,349,247,226,0,21,0,35,51,16,Red
31-Dec-17,Missouri,10144,0,252709,196933,15876,12881,0,135,92,9,17622,14654,93,1842,233,43,0,0,844,720,94,20,21,8,524973,596,514,224,22,8,260,25,48,9,Red
31-Dec-19,North Carolina,299605,1107,19788,143998,12710,2713,214,183,232,22,23810,19611,138,4690,968,141,97,66,87,155,16,5,9,0,530365,516,383,224,26,8,125,52,68,13,Red
31-Dec-19,South Carolina,96772,2113,121053,72037,9380,6625,13,143,74,2,11663,6169,51,1671,136,10,0,0,180,105,13,3,5,3,328221,445,381,224,9,8,140,22,27,15,Red
31-Dec-16,Louisiana,35141,0,171588,139122,11420,8609,0,53,75,8,12887,12722,51,0,0,0,0,0,85,88,3,7,5,5,391869,543,445,219,26,7,193,33,52,13,Red
31-Dec-17,Louisiana,28709,0,138975,118492,9558,7624,0,55,67,4,13398,11669,39,0,0,0,0,0,271,278,26,15,14,7,329201,566,460,216,23,12,209,46,42,18,Red
31-Dec-16,Missouri,90972,0,274754,202708,17404,12753,0,128,102,8,14946,15915,96,1586,223,27,0,0,370,260,30,19,18,0,632319,535,437,211,23,6,197,37,50,11,Red
31-Dec-06,Tennessee,27999,0,98928,127063,0,4510,0,0,0,0,0,0,0,0,0,0,0,0,0,0,0,0,0,0,258500,409,271,211,11,12,37,43,71,24,Red
31-Dec-12,North Carolina,226996,0,8835,191132,4536,2491,0,83,182,2,21334,33639,77,0,0,0,0,0,0,0,0,0,0,0,489307,470,309,208,12,30,59,43,77,41,Red
31-Dec-15,Louisiana,25638,0,163856,140651,8591,7727,0,41,63,7,12158,13784,26,2,0,0,0,0,22,35,7,1,4,0,372613,474,379,207,7,9,156,46,43,6,Red
31-Dec-13,North Carolina,302094,0,10214,199484,5395,2626,0,96,164,2,21339,33142,66,0,0,0,0,0,0,0,0,0,0,0,574622,452,315,204,27,8,76,50,55,32,Red
31-Dec-15,Tennessee,141621,0,300767,198386,0,13231,0,0,0,0,0,0,0,135,17,35,0,0,0,0,0,0,0,0,654192,402,297,204,13,7,73,40,51,14,Red
31-Dec-16,Tennessee,106082,62697,319169,210161,5011,11092,3,0,0,0,0,0,0,388,87,84,0,0,0,0,0,0,0,0,714774,486,356,202,10,7,137,49,69,12,Red
31-Dec-15,South Carolina,86351,0,121972,85004,5798,4335,8,44,58,4,12746,10458,38,98,22,1,0,0,21,31,0,7,1,0,326997,394,312,201,7,10,94,34,34,14,Red
31-Dec-19,Louisiana,22367,1261,119091,100417,9144,7355,3,129,108,9,12500,9404,77,3,0,0,0,0,188,173,23,8,4,0,282264,522,433,200,21,3,209,24,54,11,Red
31-Dec-09,Tennessee,100410,0,166340,135670,0,6571,0,0,0,0,0,0,0,0,0,0,0,0,0,0,0,0,0,0,408991,461,295,200,13,22,60,45,92,29,Red
31-Dec-09,Alabama,2619,0,119867,146978,819,6787,2,123,174,0,18155,22344,0,0,0,0,0,0,0,0,0,0,0,0,317868,318,229,196,1,32,0,29,40,20,Red
31-Dec-07,Tennessee,0,0,114808,121906,0,5027,0,0,0,0,0,0,0,0,0,0,0,0,0,0,0,0,0,0,241741,397,252,190,11,11,40,50,72,23,Red
31-Dec-10,Missouri,23095,0,149923,141957,2825,6491,0,42,102,1,7422,17806,8,0,0,0,0,0,0,0,0,0,0,0,349672,419,321,189,26,4,102,35,49,14,Red
31-Dec-14,Louisiana,30,0,127666,146614,6389,7075,0,46,46,5,12560,14912,14,0,0,0,0,0,0,0,0,0,0,0,315357,407,319,189,9,13,108,46,30,12,Red
31-Dec-18,South Carolina,57252,1770,111804,73595,8877,5836,7,124,77,8,12264,7338,40,1067,243,14,0,0,245,161,16,5,6,0,280749,386,296,188,8,6,94,29,42,19,Red
31-Dec-10,North Carolina,150722,0,3007,128899,2059,1839,0,104,278,0,16720,27957,52,0,0,0,0,0,0,0,0,0,0,0,331637,445,286,188,21,25,52,56,72,31,Red
31-Dec-17,South Carolina,148381,7795,123035,80375,6690,8530,11,270,138,8,12597,7975,40,672,53,9,0,0,191,120,11,8,5,6,396920,387,312,183,11,8,110,29,36,10,Red
31-Dec-12,Tennessee,74627,0,233098,206066,0,10331,0,0,0,0,0,0,0,0,0,0,0,0,0,0,0,0,0,0,524122,387,254,183,7,6,58,37,73,23,Red
31-Dec-19,Tennessee,144554,2139,295844,174389,17451,0,11,0,0,0,9,6,0,810,95,5,0,0,0,0,0,0,0,0,635313,498,391,173,13,7,198,41,46,20,Red
31-Dec-16,South Carolina,149428,0,132473,87413,6778,4490,6,76,81,9,12495,9092,60,405,62,2,0,0,51,38,4,8,5,2,402978,363,281,172,7,9,93,29,36,17,Red
31-Dec-08,Missouri,7896,0,138874,147805,0,6317,0,35,131,0,4498,15931,0,0,0,0,0,0,0,0,0,0,0,0,321487,455,349,172,25,15,137,41,53,12,Red
31-Dec-11,Tennessee,96198,0,188776,158193,0,7940,0,0,0,0,0,0,0,0,0,0,0,0,0,0,0,0,0,0,451107,373,244,172,7,13,52,51,62,16,Red
31-Dec-06,Indiana,0,0,69885,107529,0,2849,0,1,110,0,7,5274,0,0,0,0,0,0,0,0,0,0,0,0,185655,339,239,171,20,10,38,36,45,19,Red
31-Dec-08,Tennessee,136,0,146725,129725,0,6233,0,0,0,0,0,0,0,0,0,0,0,0,0,0,0,0,0,0,282819,408,240,170,11,19,40,53,91,24,Red
31-Dec-09,Missouri,13189,0,158961,151973,1252,8107,0,63,134,0,5650,16349,0,0,0,0,0,0,0,0,0,0,0,0,355678,381,276,170,8,11,87,40,50,15,Red
31-Dec-16,Indiana,946912,0,278182,177218,17764,9082,90,21,41,4,374,6380,88,165,1,6,0,0,228,120,20,17,12,0,1436725,348,287,169,12,2,104,19,32,10,Red
31-Dec-14,Missouri,58191,0,216695,188792,9204,11118,0,51,103,0,13198,19651,58,0,0,0,0,0,0,0,0,1,1,0,517063,402,314,166,24,5,119,35,43,10,Red
31-Dec-14,Indiana,258993,0,205212,159207,9370,7351,42,10,46,0,82,7219,18,0,0,0,0,0,0,0,0,0,0,0,647550,299,222,166,5,3,48,26,37,14,Red
31-Dec-06,South Carolina,21547,0,45923,65660,0,1675,31,44,97,0,5618,8009,0,0,0,0,0,0,0,0,0,0,0,0,148604,359,253,163,10,14,66,44,42,20,Red
31-Dec-14,Tennessee,103268,0,229718,189845,0,10563,0,0,0,0,0,0,0,0,0,0,0,0,0,0,0,0,0,0,533394,370,246,160,7,2,77,43,60,21,Red
31-Dec-07,Indiana,0,0,74545,104199,0,3024,0,1,39,0,11,5045,0,0,0,0,0,0,0,0,0,0,0,0,186864,333,231,160,12,9,50,38,44,20,Red
31-Dec-11,Missouri,27697,0,167789,160145,3846,7351,0,47,110,0,8971,18958,9,0,0,0,0,0,0,0,0,0,0,0,394923,364,276,158,13,9,96,28,42,18,Red
31-Dec-12,Missouri,40304,0,219811,203285,7185,10572,0,147,333,0,11308,20344,14,0,0,0,0,0,0,0,0,0,0,0,513303,389,283,153,8,8,114,29,64,13,Red
31-Dec-13,Tennessee,124271,0,249753,216448,0,10397,0,0,0,0,0,0,0,0,0,0,0,0,0,0,0,0,0,0,600869,327,223,152,11,9,51,18,67,19,Red
31-Dec-13,Indiana,173553,0,215778,183676,8997,7913,1,3,50,0,30,7120,3,0,0,0,0,0,0,0,0,0,0,0,597124,311,238,149,6,7,76,19,41,13,Red
31-Dec-17,Indiana,389171,0,249127,156718,15701,8449,1322,49,103,12,1883,6264,136,188,1,3,0,0,696,416,49,35,30,4,830357,360,291,147,14,6,124,20,39,10,Red
31-Dec-15,Indiana,639313,0,249169,160378,12898,7835,26,21,43,2,166,6657,33,175,2,2,0,0,122,51,7,6,11,0,1076917,272,209,147,9,5,48,22,29,12,Red
31-Dec-10,Tennessee,102940,0,166078,135550,0,6442,14,0,0,0,0,0,0,0,0,0,0,0,0,0,0,0,0,0,411024,356,219,146,12,11,50,35,83,19,Red
31-Dec-07,South Carolina,24486,0,50001,61141,0,1742,6,61,103,0,5165,7428,0,0,0,0,0,0,0,0,0,0,0,0,150133,349,235,144,6,18,67,40,60,14,Red
31-Dec-16,Kentucky,3372613,0,140721,109030,3886,6943,2,118,117,9,20946,22117,74,45,25,0,0,0,107,77,5,3,8,1,3676847,260,207,143,7,8,49,20,22,11,Red
31-Dec-14,South Carolina,83278,0,95071,79138,4018,3688,0,37,48,1,12586,11871,28,0,0,0,0,0,0,0,0,0,0,0,289764,301,219,138,8,11,62,31,34,17,Red
31-Dec-13,Missouri,62745,0,240764,212607,8091,10768,0,99,215,1,11915,19762,42,0,0,0,0,0,0,0,0,0,0,0,567009,371,273,137,14,6,116,41,45,12,Red
31-Dec-18,Indiana,474341,7754,224264,147222,18923,9522,256,74,99,30,5770,5814,191,400,23,11,0,0,710,509,177,26,26,6,896148,371,294,136,10,7,141,33,29,15,Red
31-Dec-09,Indiana,31606,0,110487,118446,1251,6229,0,0,20,0,23,5741,0,0,0,0,0,0,0,0,0,0,0,0,273803,293,209,136,8,14,51,34,40,10,Red
31-Dec-10,South Carolina,48351,0,70314,61328,883,2288,2,47,40,0,8376,9984,15,0,0,0,0,0,0,0,0,0,0,0,201628,280,207,136,8,7,56,22,34,17,Red
31-Dec-16,Oklahoma,0,0,166181,130514,13098,10661,0,140,159,5,21832,21324,113,0,0,0,0,0,247,236,47,17,12,4,364590,243,171,135,9,9,18,31,23,18,Red
31-Dec-12,South Carolina,77286,0,113109,86155,2723,3914,3,58,62,0,12211,12871,16,0,0,0,0,0,0,0,0,0,0,0,308408,324,237,134,9,13,81,31,45,11,Red
31-Dec-08,Indiana,0,0,94880,115552,0,4106,0,0,19,0,14,5329,0,0,0,0,0,0,0,0,0,0,0,0,219900,306,220,134,16,4,66,28,39,19,Red
31-Dec-17,Oklahoma,0,0,144736,121829,12149,11527,0,189,232,4,22143,20236,86,0,0,0,0,0,614,512,57,14,19,4,334351,239,163,131,5,5,22,25,32,19,Red
31-Dec-19,Oklahoma,41455,0,145542,104379,14801,12225,634,211,168,20,22306,17281,118,28,3,1,1,0,394,315,118,14,27,2,360043,264,189,129,11,12,37,27,37,11,Red
31-Dec-17,Kentucky,4362693,0,127240,99223,3613,6624,12,133,135,3,21020,20081,30,69,34,0,0,0,281,255,12,10,6,6,4641480,263,192,128,6,6,52,25,33,13,Red
31-Dec-12,Indiana,89993,0,188980,174306,7403,7372,0,2,19,0,11,7520,1,0,0,0,0,0,0,0,0,0,0,0,475607,275,205,128,9,7,61,20,37,13,Red
31-Dec-11,South Carolina,52126,0,81206,70232,1449,2748,12,60,76,1,10157,11332,20,0,0,0,0,0,0,0,0,0,0,0,229419,319,223,126,10,12,75,38,40,18,Red
31-Dec-13,South Carolina,102873,0,110001,90764,3632,3802,9,62,80,0,12349,12098,25,0,0,0,0,0,0,0,0,0,0,0,335695,296,224,126,9,13,76,20,33,19,Red
31-Dec-08,South Carolina,31913,0,70257,65954,0,2537,24,29,41,0,6144,8042,0,0,0,0,0,0,0,0,0,0,0,0,184941,304,206,125,9,18,54,31,43,24,Red
31-Dec-12,Oklahoma,0,0,158678,146545,6316,10714,0,78,85,0,19220,26316,24,0,0,0,0,0,0,0,0,0,0,0,367976,212,149,121,10,10,8,24,18,21,Red
31-Dec-11,Mississippi,4875,0,56615,86909,1087,3228,0,385,489,1,11944,19501,25,0,0,0,0,0,0,0,0,0,0,0,185059,187,138,121,6,4,7,26,14,9,Red
31-Dec-19,Indiana,227637,810006,228087,140126,19698,9861,279,97,72,21,7475,5194,230,227,9,4,0,0,619,535,328,27,31,2,1450565,247,185,118,3,1,63,25,29,8,Red
31-Dec-19,Mississippi,20766,1,97345,77832,4703,5131,1,258,145,14,18863,12960,42,93,13,0,0,0,113,80,20,3,5,0,238388,189,153,117,4,3,29,11,23,2,Red
31-Dec-09,South Carolina,53242,0,78235,64021,348,2746,7,37,46,0,6883,9019,0,0,0,0,0,0,0,0,0,0,0,0,214584,286,197,115,4,12,66,28,41,20,Red
31-Dec-11,Indiana,78242,0,136250,130012,3860,4715,0,0,18,0,7,6735,1,0,0,0,0,0,0,0,0,0,0,0,359840,284,183,115,9,12,47,36,43,22,Red
31-Dec-08,Mississippi,6416,0,54973,90221,0,3033,1,364,410,0,9462,16188,0,0,0,0,0,0,0,0,0,0,0,0,181068,184,142,115,4,11,12,15,20,7,Red
31-Dec-15,Oklahoma,0,0,165875,127273,10439,10787,0,93,120,6,21472,22967,93,0,0,0,0,0,66,66,7,5,7,0,359276,233,149,113,8,9,19,33,32,19,Red
31-Dec-18,Kentucky,4655016,0,112323,93157,5039,6875,31,239,207,7,20639,18031,24,134,64,0,0,0,282,335,24,5,7,2,4912441,237,179,112,12,6,49,17,32,9,Red
31-Dec-10,Alabama,4621,0,116963,136519,1771,5465,19,115,183,1,19574,23341,35,0,0,0,0,0,0,0,0,0,0,0,308607,199,135,112,0,23,0,23,24,17,Red
31-Dec-07,Kentucky,1360388,0,77636,108671,0,5511,0,163,346,0,12692,22443,0,0,0,0,0,0,0,0,0,0,0,0,1587850,196,131,111,5,11,4,19,27,19,Red
31-Dec-13,Oklahoma,0,0,163291,154106,7578,10662,0,61,45,0,20085,24772,33,0,0,0,0,0,0,1,0,0,0,0,380634,191,127,108,6,8,5,24,24,16,Red
31-Dec-08,Oklahoma,0,0,86615,96827,0,6724,1,81,144,0,11137,20083,0,0,0,0,0,0,0,0,0,0,0,0,221612,212,128,106,6,10,6,33,28,23,Red
31-Dec-07,Oklahoma,0,0,66041,87593,0,5056,0,165,217,0,10414,19595,0,0,0,0,0,0,0,0,0,0,0,0,189081,222,132,105,9,8,10,35,36,19,Red
31-Dec-09,Oklahoma,0,0,96676,95024,1011,7408,0,92,154,0,12888,21309,0,0,0,0,0,0,0,0,0,0,0,0,234562,225,125,104,10,4,7,45,25,30,Red
31-Dec-15,Mississippi,10652,0,109994,90161,3141,4700,397,384,324,5,15061,17454,30,0,0,0,0,0,22,35,8,2,1,1,252372,159,126,102,3,5,16,11,14,8,Red
31-Dec-07,Mississippi,7458,0,47222,92708,0,2415,0,461,641,0,9018,15375,0,0,0,0,0,0,0,0,0,0,0,0,175298,152,119,102,5,9,3,15,12,6,Red
31-Dec-19,Kentucky,1782427,2069338,126820,90486,5650,7313,71,302,236,7,21257,16151,30,120,108,0,0,0,288,243,25,5,12,3,4120892,221,174,101,9,5,59,23,20,4,Red
31-Dec-16,Mississippi,22564,0,119050,92822,4081,5263,28,303,230,4,16013,15672,58,0,0,0,0,0,40,23,2,2,5,1,276161,154,128,101,4,6,17,4,14,8,Red
31-Dec-12,Kentucky,2279591,0,117969,129589,2179,7804,9,132,189,1,21388,30476,31,0,0,0,0,0,0,0,0,0,0,0,2589358,192,122,101,4,8,9,28,29,13,Red
31-Dec-18,Mississippi,27727,0,95091,79852,4408,5945,1,267,158,9,19032,14356,31,32,4,0,0,0,186,135,26,8,9,1,247278,142,118,99,3,2,14,7,15,2,Red
31-Dec-11,Oklahoma,1,0,109524,109833,3327,7750,1,102,128,0,16798,24336,16,0,0,0,0,0,0,0,0,0,0,0,271816,204,131,99,8,9,15,26,21,26,Red
31-Dec-12,Mississippi,5190,0,72957,104362,2032,4151,2,449,425,1,12610,20087,31,0,0,0,0,0,0,0,0,0,0,0,222297,174,132,99,7,5,21,13,21,8,Red
31-Dec-10,Mississippi,3826,0,50788,80935,919,2950,1,466,545,2,10953,18470,18,0,0,0,0,0,0,0,0,0,0,0,169873,165,120,98,3,12,7,21,19,5,Red
31-Dec-14,Mississippi,8266,0,78174,88191,2158,4007,610,474,354,3,13965,18609,18,0,0,0,0,0,0,0,0,0,0,0,214829,161,122,97,2,3,20,14,17,8,Red
31-Dec-06,Missouri,10166,0,51629,147089,0,2057,0,22,120,0,2347,16944,0,0,0,0,0,0,0,0,0,0,0,0,230374,334,246,96,13,14,123,36,41,11,Red
31-Dec-18,Oklahoma,12325,0,135474,113538,14888,12821,78,203,165,10,22291,18854,106,0,0,0,0,0,721,592,165,21,35,4,332291,202,134,95,7,3,29,28,29,11,Red
31-Dec-06,Mississippi,2661,0,48789,99937,0,2327,0,517,698,0,8979,15179,0,0,0,0,0,0,0,0,0,0,0,0,179087,173,121,93,5,7,16,18,24,10,Red
31-Dec-17,Arkansas,39473,8380,72100,76765,2765,4498,497,114,137,1,13259,19207,35,0,0,0,0,0,165,199,14,5,12,3,237629,250,168,92,11,4,61,23,52,7,Red
31-Dec-07,Missouri,31449,0,81328,139515,0,3098,0,30,151,0,2697,15817,0,0,0,0,0,0,0,0,0,0,0,0,274085,351,247,92,18,10,127,34,55,15,Red
31-Dec-07,Arkansas,21203,0,40060,78154,0,2790,19,128,327,0,6750,20393,0,0,0,0,0,0,0,0,0,0,0,0,169824,191,130,92,7,10,21,20,29,12,Red
31-Dec-15,Kentucky,2923972,0,128700,109642,3216,6991,5,68,101,3,20754,24745,29,38,31,1,0,0,34,36,1,2,2,0,3218371,209,141,91,1,9,40,30,26,12,Red
31-Dec-17,Mississippi,21615,0,103312,84199,3457,5091,14,372,266,5,17993,15176,31,0,0,0,0,0,160,140,11,4,3,3,251852,149,111,90,4,3,14,12,20,6,Red
31-Dec-09,Kentucky,1943007,0,90376,108036,707,6958,12,115,222,0,15098,25047,0,0,0,0,0,0,0,0,0,0,0,0,2189578,170,112,90,5,6,11,22,27,9,Red
31-Dec-14,Oklahoma,0,0,147548,135431,8963,10722,0,58,60,6,21021,24643,43,0,0,0,0,0,0,0,0,0,0,0,348495,167,104,88,5,5,6,29,28,6,Red
31-Dec-19,Arkansas,35865,9224,68549,68773,4399,4947,161,154,157,3,13212,15575,43,0,0,0,0,0,102,151,19,1,9,0,221344,231,177,87,10,5,75,21,29,4,Red
31-Dec-10,Oklahoma,0,0,95249,91058,2427,6584,0,94,156,0,15038,23289,14,0,0,0,0,0,0,0,0,0,0,0,233909,188,111,86,8,7,10,24,32,21,Red
31-Dec-06,Oklahoma,0,0,59362,95241,0,4574,0,124,250,0,10602,20588,0,0,0,0,0,0,0,0,0,0,0,0,190741,207,133,85,12,12,24,18,35,21,Red
31-Dec-14,Kentucky,2221902,0,103090,109069,2331,6842,4,42,80,4,21159,27620,41,0,0,0,0,0,0,0,0,0,0,0,2492184,160,112,85,1,5,21,16,26,6,Red
31-Dec-10,Indiana,105419,0,112615,114450,2849,4145,0,0,22,0,21,6126,3,0,0,0,0,0,0,0,0,0,0,0,345650,198,142,83,11,7,41,19,25,12,Red
31-Dec-09,Mississippi,2970,0,51789,80682,445,3276,1,522,606,0,10121,16645,0,0,0,0,0,0,0,0,0,0,0,0,167057,151,105,83,9,6,7,22,15,9,Red
31-Dec-06,Arkansas,14281,0,37171,87465,0,2649,1,63,233,0,6914,21352,0,0,0,0,0,0,0,0,0,0,0,0,170129,201,134,82,15,10,27,22,34,11,Red
31-Dec-13,Kentucky,1268713,0,122316,127608,2640,7550,8,82,119,2,20825,28448,20,0,0,0,0,0,0,0,0,0,0,0,1578331,165,111,82,10,6,13,23,22,9,Red
31-Dec-13,Mississippi,8768,0,83754,100270,2055,4261,55,405,368,2,12869,18886,18,0,0,0,0,0,0,0,0,0,0,0,231711,142,110,80,3,8,19,9,14,9,Red
31-Dec-08,Kentucky,1641815,0,86095,109564,0,6363,32,143,237,0,13495,23357,0,0,0,0,0,0,0,0,0,0,0,0,1881101,182,121,78,8,13,22,25,27,9,Red
31-Dec-06,Kentucky,516563,0,75234,120916,0,5508,36833,113,255,0,13026,23151,0,0,0,0,0,0,0,0,0,0,0,0,791599,150,98,78,6,8,6,22,16,14,Red
31-Dec-11,Kentucky,2019543,0,92936,111518,1358,6362,14,96,146,0,19530,29307,22,0,0,0,0,0,0,0,0,0,0,0,2280832,150,100,77,6,5,12,13,24,13,Red
31-Dec-10,Kentucky,2149338,0,84311,99910,1177,5893,66,96,154,2,17445,27164,23,0,0,0,0,0,0,0,0,0,0,0,2385579,180,116,76,6,16,18,19,25,20,Red
31-Dec-16,Arkansas,55456,7036,80244,82120,3059,4400,143,77,116,3,12645,20532,29,0,0,0,0,0,72,64,6,7,4,1,266014,209,151,72,11,3,65,25,25,8,Red
31-Dec-18,Arkansas,57824,9811,66321,72975,3586,5118,690,156,188,7,13691,17571,31,0,0,0,0,0,174,239,38,8,7,4,248439,218,156,66,6,5,79,17,38,7,Red
31-Dec-08,Arkansas,31181,0,49419,79698,0,3127,31,83,269,0,7330,20661,0,0,0,0,0,0,0,0,0,0,0,0,191799,157,110,65,1,9,35,17,25,5,Red
31-Dec-12,Arkansas,36490,0,69481,94539,1336,4431,2,116,283,0,12116,27388,11,0,0,0,0,0,0,0,0,0,0,0,246193,166,108,55,4,6,43,28,25,5,Red
31-Dec-14,Arkansas,48399,0,60520,82670,1556,4086,28,54,106,1,11995,24835,32,0,0,0,0,0,0,0,0,0,0,0,234282,154,111,55,3,10,43,17,23,3,Red
31-Dec-09,Arkansas,43585,0,55239,76494,224,3331,69,105,218,0,8469,22108,0,0,0,0,0,0,0,0,0,0,0,0,209842,171,107,54,5,5,43,21,38,5,Red
31-Dec-13,Arkansas,66434,0,74884,94837,1278,4335,0,73,148,4,11797,25918,28,0,0,0,0,0,0,0,0,0,0,0,279736,154,110,53,5,5,47,22,17,5,Red
31-Dec-11,Arkansas,30087,0,54659,78806,768,3672,1403,75,269,0,10650,25822,17,0,0,0,0,0,0,0,0,0,0,0,206228,153,110,52,4,6,48,22,17,4,Red
31-Dec-15,Arkansas,55516,0,77394,83097,2264,4248,7,74,98,1,12131,22442,17,0,0,0,0,0,25,27,2,2,1,0,257346,164,110,51,10,4,45,18,30,6,Red
31-Dec-15,Kansas,19880,0,76665,69909,3622,3965,31,28,32,2,6351,5277,23,8,0,1,0,0,33,29,2,1,0,0,185859,125,91,51,4,4,32,9,14,11,Red
31-Dec-10,Arkansas,31305,0,49992,72206,636,3145,64,148,372,2,9655,23910,13,0,0,0,0,0,0,0,0,0,0,0,191448,130,93,49,7,4,33,12,21,4,Red
31-Dec-18,Kansas,20530,74,65870,61798,6478,4580,3,63,47,9,7385,4224,99,284,73,9,0,0,189,252,75,1,3,1,172047,110,78,47,0,2,29,7,19,6,Red
31-Dec-17,Kansas,28391,48,73959,66850,5094,4082,4,60,41,7,7579,4654,61,237,79,7,0,0,132,127,28,5,5,1,191451,129,79,44,4,7,24,16,26,8,Red
31-Dec-16,Kansas,19402,24,81116,73748,5323,4271,20,36,20,2,7192,5077,70,105,41,12,0,0,39,34,5,4,7,0,196548,96,61,43,5,1,12,8,19,8,Red
31-Dec-08,Kansas,0,0,50572,64304,0,3277,0,17,18,0,3483,4413,0,0,0,0,0,0,0,0,0,0,0,0,126084,110,61,41,2,3,15,15,17,17,Red
31-Dec-15,Nebraska,49150,0,1809,26998,213,68,0,1,9,0,61,984,2,34,8,0,0,0,0,2,1,0,0,0,79340,61,43,41,1,1,0,9,8,1,Red
31-Dec-13,Kansas,35236,0,83208,90424,3159,4474,19,17,31,1,5616,5912,8,0,0,0,0,0,0,0,0,0,0,0,228105,112,78,39,9,5,25,8,16,10,Red
31-Dec-09,Kansas,0,0,59429,70038,644,4185,0,24,34,0,3816,4814,0,0,0,0,0,0,0,0,0,0,0,0,142984,118,85,38,9,0,38,14,11,8,Red
31-Dec-19,Kansas,18691,72,66735,58576,6527,4380,0,113,61,21,7271,3717,122,375,84,10,0,0,135,87,22,5,5,1,167010,93,56,37,1,0,18,12,13,12,Red
31-Dec-12,Nebraska,48284,0,1206,34758,185,51,0,0,4,0,50,1322,0,0,0,0,0,0,0,0,0,0,0,0,85860,52,42,37,2,1,2,5,4,1,Red
31-Dec-12,Kansas,18323,0,82285,90441,2885,4905,2,44,109,1,5756,6209,12,0,0,0,0,0,0,0,0,0,0,0,210972,84,50,36,1,1,12,12,13,9,Red
31-Dec-11,Nebraska,32299,0,1225,30806,137,51,24,0,10,0,38,1268,2,0,0,0,0,0,0,0,0,0,0,0,65860,65,42,35,2,1,4,7,9,7,Red
31-Dec-06,Kansas,0,0,34485,63318,0,2285,0,56,60,0,3413,5526,0,0,0,0,0,0,0,0,0,0,0,0,109143,126,70,33,6,4,27,14,33,9,Red
31-Dec-17,Utah,161939,403,45085,49570,3036,0,0,10,29,2,3138,4302,10,1859,689,405,0,0,0,0,0,0,0,0,270477,73,46,32,0,3,11,7,12,8,Red
31-Dec-11,Kansas,13549,0,60955,74165,1769,3709,14,20,37,0,4949,5723,8,0,0,0,0,0,0,0,0,0,0,0,164898,110,73,31,3,5,34,11,16,10,Red
31-Dec-15,Iowa,108952,0,2678,34192,315,66,147,1,5,0,22,895,4,14,13,2,0,0,0,2,1,0,0,0,147309,72,49,31,0,2,16,10,5,8,Red
31-Dec-16,Utah,178393,266,47401,54133,3514,1191,0,3,7,0,2971,4039,2,1773,813,401,0,0,0,0,0,0,0,0,294907,71,42,31,1,0,10,6,20,3,Red
31-Dec-16,West Virginia,26806,0,92124,81105,3643,5283,73,77,131,3,13487,19330,22,85,11,12,0,0,75,61,8,7,7,0,242350,76,47,30,2,0,15,4,21,4,Red
31-Dec-10,Kansas,4008,0,57808,67562,1360,3278,7,29,39,0,4538,5517,10,0,0,0,0,0,0,0,0,0,0,0,144156,100,63,30,4,1,28,13,18,6,Red
31-Dec-16,Nebraska,58386,664,1717,26494,260,82,1,0,3,1,81,869,4,59,26,2,0,0,2,11,1,0,0,0,88663,41,30,30,0,0,0,9,2,0,Red
31-Dec-07,Kansas,0,0,40613,60477,0,2416,0,19,22,0,3260,4695,0,0,0,0,0,0,0,0,0,0,0,0,111502,104,63,29,5,3,26,12,23,6,Red
31-Dec-10,Nebraska,27728,0,897,28141,98,45,21,6,22,0,47,1278,0,0,0,0,0,0,0,0,0,0,0,0,58283,51,32,29,1,2,0,8,5,6,Red
31-Dec-17,Nebraska,45865,981,1669,24473,227,54,0,3,9,0,68,752,4,107,33,4,0,0,0,69,0,0,0,0,74318,43,31,27,2,2,0,4,5,3,Red
31-Dec-12,West Virginia,3025,0,78593,98749,1837,5176,9,38,96,2,11476,26571,8,0,0,0,0,0,0,0,0,0,0,0,225580,66,47,26,5,2,14,7,7,5,Red
31-Dec-15,Utah,149612,0,41687,49217,2151,2225,0,7,4,5,2878,4166,3,2017,735,107,0,0,0,0,0,0,0,0,254814,54,34,26,2,0,6,5,6,9,Red
31-Dec-19,Nebraska,43394,1132,1269,21167,296,40,0,0,4,1,55,546,3,246,48,1,0,0,0,34,0,0,0,0,68236,45,35,26,2,2,5,2,4,4,Red
31-Dec-17,West Virginia,25259,0,79813,76655,3364,4946,162,184,200,3,14026,17476,15,84,6,19,0,0,300,240,5,3,4,4,222768,79,45,25,4,4,12,8,23,3,Red
31-Dec-16,Iowa,161841,540,2790,35254,393,70,309,0,4,0,9,754,2,176,106,8,0,0,0,19,1,0,1,0,202277,71,43,25,2,1,15,12,10,6,Red
31-Dec-17,Iowa,107424,17124,2376,32328,478,53,24,0,6,1,13,677,4,282,79,4,0,0,12,93,3,0,0,0,160981,100,57,25,1,5,26,18,18,7,Red
31-Dec-14,Utah,172139,0,33765,47327,1308,1757,4,21,9,9,2987,4482,4,0,0,0,0,0,0,0,0,0,0,0,263812,61,36,25,4,2,5,6,9,10,Red
31-Dec-13,Utah,214194,0,45853,54492,1149,1655,0,17,3,3,2871,4365,2,0,0,0,0,0,0,0,0,0,0,0,324604,49,31,25,2,1,3,6,7,5,Red
31-Dec-06,West Virginia,17,0,33208,73218,0,2497,5,29,131,0,6807,22012,0,1,0,0,0,0,0,0,0,0,0,0,137925,71,40,24,4,1,11,9,18,4,Red
31-Dec-14,Nebraska,39333,0,1332,26356,184,52,0,2,9,0,58,1241,1,0,0,0,0,0,0,0,0,0,0,0,68568,51,32,24,3,4,1,7,8,4,Red
31-Dec-19,West Virginia,31064,753,71036,69734,4025,4727,29,104,96,4,11813,12416,23,106,10,17,0,0,135,90,4,5,5,0,206196,72,48,23,7,2,16,6,15,3,Red
31-Dec-11,West Virginia,1163,0,60210,82189,1086,4250,17,46,125,1,10488,25911,5,0,0,0,0,0,0,0,0,0,0,0,185491,74,43,23,10,3,7,11,13,7,Red
31-Dec-14,Kansas,22361,0,60729,71160,2953,3810,14,19,20,0,5694,5393,14,0,0,0,0,0,0,0,0,0,0,0,172167,89,56,22,4,4,26,13,12,8,Red
31-Dec-07,Utah,40685,0,29154,55928,0,1284,0,0,0,0,0,0,0,0,0,0,0,0,0,0,0,0,0,0,127051,58,38,22,0,0,16,5,10,5,Red
31-Dec-12,Utah,123852,0,42737,53980,898,2033,0,25,6,4,2709,4750,5,0,0,0,0,0,0,0,0,0,0,0,230999,49,29,22,2,1,4,10,6,4,Red
31-Dec-18,Nebraska,48582,719,1461,22404,307,64,0,1,4,2,76,617,5,95,31,3,0,0,0,106,0,0,0,0,74477,43,26,22,0,1,3,5,9,3,Red
31-Dec-09,Nebraska,29559,0,135,28315,39,70,18,1,12,0,19,1160,0,0,0,0,0,0,0,0,0,0,0,0,59328,40,23,22,1,0,0,8,4,5,Red
31-Dec-18,West Virginia,52481,0,75539,76310,4213,4892,84,155,174,1,12545,14418,21,131,10,17,0,0,368,284,28,2,4,1,241678,57,34,21,1,1,11,5,14,4,Red
31-Dec-19,Iowa,64525,85741,2098,28752,548,52,22,0,4,0,23,523,4,345,123,13,0,0,1,24,3,0,1,0,182802,58,36,21,0,0,15,8,8,6,Red
31-Dec-09,West Virginia,165,0,49248,72072,395,3749,0,52,147,0,7892,23111,0,0,0,0,0,0,0,0,0,0,0,0,156831,76,38,20,2,3,13,19,13,6,Red
31-Dec-15,West Virginia,31534,0,88627,85883,2941,5466,64,30,37,1,12581,21735,25,10,0,7,0,0,27,35,3,1,7,0,249014,57,30,19,1,1,9,6,17,4,Red
31-Dec-19,Utah,166385,558393,41881,43155,4015,0,0,31,49,9,3101,3565,5,1759,551,371,0,0,0,0,0,0,0,0,823270,66,41,18,1,6,16,8,13,4,Red
31-Dec-07,West Virginia,1,0,35393,66749,0,2535,4,33,110,0,6711,20860,0,0,0,0,0,0,0,0,0,0,0,0,132396,59,37,18,7,1,11,5,7,10,Red
31-Dec-15,Idaho,29029,0,39024,53450,1998,2207,2,17,34,4,3799,7243,9,68,30,4,0,0,11,11,0,0,6,0,136946,30,24,17,4,0,3,3,3,0,Red
31-Dec-19,Alaska,2579,118,31943,31090,3784,2476,0,7,4,2,2188,1686,13,362,294,0,0,0,193,168,11,4,0,1,76923,69,44,17,1,6,20,8,5,12,Red
31-Dec-18,Utah,190570,1522,42347,47000,4223,0,0,15,22,3,3279,4033,7,1948,556,333,0,0,0,0,0,0,0,0,295858,59,28,17,1,0,10,12,10,9,Red
31-Dec-13,West Virginia,5602,0,92387,105814,2519,5512,6,47,75,0,11978,25003,9,0,0,0,0,0,0,0,0,0,0,0,248952,54,30,17,3,3,7,2,20,2,Red
31-Dec-10,West Virginia,179,0,49351,72106,773,3582,9,44,189,0,8956,24350,11,0,0,0,0,0,0,0,0,0,0,0,159550,55,27,16,0,4,7,11,9,8,Red
31-Dec-10,Utah,481563,0,28442,41495,0,1634,0,0,0,0,0,0,0,0,0,0,0,0,0,0,0,0,0,0,553134,52,22,16,0,1,5,7,12,11,Red
31-Dec-08,Utah,92047,0,34625,53199,0,1721,0,0,0,0,0,0,0,0,0,0,0,0,0,0,0,0,0,0,181592,41,19,16,0,0,3,8,8,6,Red
31-Dec-11,Utah,939767,0,32105,46702,6,2134,0,0,0,0,24,51,0,0,0,0,0,0,0,0,0,0,0,0,1020789,51,26,15,4,1,6,5,9,11,Red
31-Dec-09,Utah,174201,0,34134,46020,0,1781,0,0,0,0,0,0,0,0,0,0,0,0,0,0,0,0,0,0,256136,37,25,15,0,5,5,8,2,2,Red
31-Dec-06,Alaska,0,0,16948,25236,0,1001,0,52,66,0,1610,2124,0,0,0,0,0,0,0,0,0,0,0,0,47037,35,22,15,5,1,1,8,2,3,Red
31-Dec-11,Idaho,16284,0,27967,47957,687,1652,1,40,70,0,3527,8423,8,0,0,0,0,0,0,0,0,0,0,0,106616,32,17,15,1,0,1,4,8,3,Red
31-Dec-18,Idaho,88100,76,45993,54746,4207,2660,1,56,85,3,4537,5875,16,481,128,7,0,0,120,194,9,9,17,0,207320,32,19,14,2,2,1,4,8,1,Red
31-Dec-08,West Virginia,0,0,43587,72132,0,3096,0,23,70,0,7074,21707,0,0,0,0,0,0,0,0,0,0,0,0,147689,55,33,14,2,10,7,5,13,4,Red
31-Dec-16,Idaho,38086,44,46523,55591,2804,2406,2,27,45,3,3880,6557,25,241,53,3,0,0,17,29,0,3,3,1,156343,47,17,13,1,0,3,5,21,4,Red
31-Dec-15,Montana,12831,0,35977,57550,1355,2592,163,20,57,48,5464,11513,10,41,39,16,0,0,11,12,0,3,3,0,127705,36,18,13,0,0,5,8,3,7,Red
31-Dec-08,Iowa,63746,0,355,42766,0,82,0,0,9,0,23,1349,0,0,0,0,0,0,0,0,0,0,0,0,108330,74,25,13,2,4,6,16,20,13,Red
31-Dec-12,Iowa,98634,0,1473,45722,283,62,0,0,10,0,30,1482,4,0,0,0,0,0,0,0,0,0,0,0,147700,44,25,13,3,1,8,1,12,6,Red
31-Dec-07,Alaska,0,0,18339,26540,0,1124,0,74,115,0,1463,1949,0,0,0,0,0,0,0,0,0,0,0,0,49604,43,21,13,4,3,1,5,5,12,Red
31-Dec-16,Alaska,3121,0,37491,36887,2889,2316,0,84,70,0,2234,2046,24,233,141,0,0,0,39,66,1,2,3,0,87647,52,43,12,4,1,26,3,6,0,Red
31-Dec-14,West Virginia,11412,0,76988,89577,2504,5367,79,27,54,0,12165,23651,20,2,1,0,0,0,0,0,0,0,0,0,221847,62,16,12,1,0,3,10,30,6,Red
31-Dec-15,Alaska,2682,0,37086,36372,2318,2240,0,94,84,0,2328,2170,27,117,80,4,0,0,10,9,0,0,0,0,85621,57,39,12,2,1,24,7,8,3,Red
31-Dec-19,New Hampshire,15050,7,58376,33578,2644,9,1273,0,194,0,0,141,0,758,75,53,0,0,0,14,0,1,0,0,112173,33,16,12,0,0,4,5,7,5,Red
31-Dec-14,Montana,11504,0,32607,55323,1065,2793,100,23,45,4,5779,12580,13,0,0,0,0,0,0,0,0,0,0,0,121836,27,17,12,0,2,3,5,3,2,Red
31-Dec-12,Idaho,27810,0,35429,57061,1107,2239,0,33,87,2,3917,8785,12,0,0,0,0,0,0,0,0,0,0,0,136482,26,17,12,1,2,2,3,4,2,Red
31-Dec-10,Idaho,13758,0,23081,42074,467,1418,0,18,58,0,3152,7998,7,0,0,0,0,0,0,0,0,0,0,0,92031,21,12,12,0,0,0,4,2,3,Red
31-Dec-19,Montana,14417,164,34421,46904,3073,2973,134,55,113,4,4764,8246,15,329,77,18,0,0,47,57,4,3,4,1,115823,27,16,11,1,1,3,4,4,3,Red
31-Dec-13,Nebraska,56897,0,1343,31787,218,45,0,1,13,0,55,1190,3,0,0,0,0,0,0,1,0,0,0,0,91553,57,39,11,2,0,26,8,7,3,Red
31-Dec-07,Idaho,16496,0,20366,46097,0,1299,1,30,73,0,2433,7102,0,0,0,0,0,0,0,0,0,0,0,0,93897,49,25,11,6,1,7,5,14,5,Red
31-Dec-17,Montana,17059,6,34444,51763,2171,2642,93,23,48,4,5266,9895,5,198,54,13,0,0,78,132,12,12,17,3,123938,41,17,10,2,1,4,12,5,7,Red
31-Dec-14,Iowa,88110,0,2130,35314,262,50,0,0,11,1,23,1118,3,0,0,0,0,0,0,0,0,0,0,0,127022,55,27,10,1,3,13,8,12,8,Red
31-Dec-14,Idaho,33730,0,31731,50879,1450,2033,0,18,31,3,4079,7784,4,0,0,0,0,0,0,0,0,0,0,0,131742,30,15,10,0,2,3,6,4,5,Red
31-Dec-13,Idaho,37423,0,37510,57025,1256,2086,0,30,61,1,3946,8140,15,0,0,0,0,0,0,1,0,0,0,0,147494,26,15,10,1,0,4,2,5,4,Red
31-Dec-18,Montana,14854,6,32778,48867,2750,2960,113,50,78,1,5141,9279,8,325,99,19,0,0,90,158,6,9,16,0,117607,34,17,9,3,0,5,2,12,3,Red
31-Dec-19,Idaho,85366,45,50565,54904,4839,3040,1,71,90,6,4345,5141,12,484,122,42,0,0,70,112,5,5,9,1,209275,35,16,9,0,0,7,3,13,3,Red
31-Dec-06,Utah,20556,0,24198,60665,0,1234,0,0,0,0,0,0,0,0,0,0,0,0,0,0,0,0,0,0,106653,46,21,9,1,2,9,6,9,10,Red
31-Dec-10,Iowa,82079,0,588,40400,138,46,1,0,26,1,20,1439,0,0,0,0,0,0,0,0,0,0,0,0,124738,38,21,9,1,4,7,4,9,4,Red
31-Dec-06,Idaho,15155,0,17810,46214,0,1281,0,27,68,0,2505,7958,0,0,0,0,0,0,0,0,0,0,0,0,91018,36,22,9,2,2,9,6,5,3,Red
31-Dec-09,Montana,8591,0,24931,49599,229,2349,0,18,39,0,3944,12276,0,0,0,0,0,0,0,0,0,0,0,0,101976,28,19,9,2,5,3,4,2,3,Red
31-Dec-08,Alaska,0,0,22983,33094,0,1808,0,57,99,0,1575,2113,0,0,0,0,0,0,0,0,0,0,0,0,61729,27,13,9,1,3,0,1,6,7,Red
31-Dec-08,Idaho,17469,0,23542,46609,0,3116,0,35,100,0,2479,7107,0,0,0,0,0,0,0,0,0,0,0,0,100457,23,14,9,2,3,0,0,3,6,Red
31-Dec-17,Idaho,65533,20,44939,55018,2803,2388,7,32,55,2,4306,6179,13,363,112,9,0,0,104,174,15,8,17,2,182099,28,13,8,4,1,0,6,3,6,Red
31-Dec-18,North Dakota,7793,0,18332,31083,1557,1000,88,21,30,5,840,1286,14,0,0,0,0,0,83,177,22,1,1,1,62334,16,9,8,0,0,1,1,1,5,Red
31-Dec-06,Iowa,53022,0,258,46642,0,23,4,0,8,0,46,1419,0,8,0,0,0,0,0,0,0,0,0,0,101430,54,23,8,1,5,9,13,11,7,Red
31-Dec-13,Iowa,114907,0,2132,41371,293,64,0,2,4,0,26,1261,2,0,0,0,0,0,0,0,0,0,0,0,160062,42,18,8,1,1,8,13,6,5,Red
31-Dec-12,Montana,12401,0,39239,59452,866,2942,204,23,71,1,5438,13811,7,0,0,0,0,0,0,0,0,0,0,0,134455,22,11,8,2,0,1,6,3,2,Red
31-Dec-19,Wyoming,5681,121,23090,24923,1977,1426,7,26,42,1,1642,2181,29,1,3,0,0,0,36,91,4,3,7,0,61291,13,9,7,0,0,2,3,0,1,Red
31-Dec-17,Alaska,2923,32,34556,32648,2827,2247,0,49,42,0,2440,2049,12,281,238,10,0,0,205,258,17,1,3,1,80839,62,37,7,3,3,24,13,8,4,Red
31-Dec-18,Alaska,2803,56,32193,32217,3424,2343,0,29,15,0,2459,1869,11,425,359,0,0,0,237,286,32,1,2,0,78761,47,31,7,3,0,21,8,3,5,Red
31-Dec-16,South Dakota,16279,0,36520,49522,3134,2184,8,12,10,1,1599,2598,7,0,0,0,0,0,15,30,0,0,2,0,111921,21,7,7,0,0,0,5,4,5,Red
31-Dec-11,Iowa,135236,0,995,41838,189,53,5,0,16,0,32,1578,2,0,0,0,0,0,0,0,0,0,0,0,179944,44,19,7,0,2,10,10,10,5,Red
31-Dec-07,Nebraska,21499,0,11,29388,0,5,2,0,10,0,17,1110,0,0,0,0,0,0,0,0,0,0,0,0,52042,22,9,7,0,0,2,2,6,5,Red
31-Dec-11,Wyoming,3992,0,18586,23558,362,1020,143,18,64,0,1360,3120,1,0,0,0,0,0,0,0,0,0,0,0,52224,15,11,7,0,0,4,0,1,3,Red
31-Dec-09,Wyoming,6943,0,15729,23371,113,979,200,16,41,0,1085,2918,0,0,0,0,0,0,0,0,0,0,0,0,51395,11,8,7,0,0,1,1,1,1,Red
31-Dec-16,Montana,20512,0,37547,56834,2142,2678,221,34,56,13,5321,10739,8,120,31,10,0,0,20,24,2,8,17,0,136337,34,17,6,4,3,4,9,5,3,Red
31-Dec-18,Wyoming,6007,109,21617,24978,1625,1358,63,29,42,2,1812,2255,21,3,0,0,0,0,87,116,10,8,8,0,60150,12,8,6,0,2,0,2,0,2,Red
31-Dec-17,South Dakota,13580,0,31493,44147,2925,1904,1,14,13,0,1626,2626,16,0,0,0,0,0,65,150,9,3,1,0,98573,21,8,6,0,0,2,7,2,4,Red
31-Dec-18,Iowa,98568,56524,1901,30444,522,49,21,0,7,1,18,603,1,286,96,8,0,0,8,95,7,0,0,0,189159,43,20,6,2,2,10,8,9,6,Red
31-Dec-14,Alaska,2714,0,35694,39625,2279,2278,0,67,92,0,2472,2390,12,0,0,0,0,0,0,0,0,0,0,0,87623,41,22,6,0,2,14,8,5,6,Red
31-Dec-10,Montana,7857,0,25083,48163,484,2127,0,14,54,0,4514,12795,4,0,0,0,0,0,0,0,0,0,0,0,101095,21,12,6,2,4,0,3,5,1,Red
31-Dec-18,New Hampshire,19580,0,59794,37642,1961,53,639,0,62,5,1,152,6,842,60,24,0,0,0,68,0,0,0,0,120889,21,12,6,0,0,6,3,4,2,Red
31-Dec-13,Wyoming,7001,0,26692,29774,903,1405,23,19,30,0,1865,2953,5,0,0,0,0,0,1,0,0,0,0,0,70671,15,9,6,3,0,0,2,4,0,Red
31-Dec-14,Wyoming,7046,0,21655,27169,879,1249,17,17,23,1,1916,3088,3,0,0,0,0,0,0,0,0,0,0,0,63063,13,8,6,0,1,1,1,2,2,Red
31-Dec-17,Wyoming,4450,206,20155,22878,1319,1172,74,17,35,2,1831,2394,15,0,0,0,0,0,62,93,3,1,4,0,54711,14,6,5,0,0,1,3,3,2,Red
31-Dec-18,South Dakota,12494,1,27838,41718,2462,1857,11,26,19,3,1701,2320,17,0,0,0,0,0,58,133,29,2,3,1,90693,13,8,5,0,0,3,4,1,0,Red
31-Dec-19,North Dakota,4406,82,19291,31358,1639,1176,129,14,17,0,768,1231,17,28,2,0,0,0,128,89,13,0,1,0,60389,26,13,5,2,1,5,5,4,4,Red
31-Dec-15,North Dakota,7315,0,20610,36980,907,1040,0,14,14,1,734,1757,3,0,0,0,0,0,10,43,0,0,1,0,69429,17,9,5,0,0,4,3,1,4,Red
31-Dec-13,Alaska,2569,0,36678,44001,2646,2449,0,64,94,0,2437,2459,8,0,0,0,0,0,0,0,0,0,0,0,93405,34,12,5,3,1,3,5,13,4,Red
31-Dec-11,Alaska,0,0,28291,34607,955,1678,0,74,83,0,2153,2354,3,0,0,0,0,0,0,0,0,0,0,0,70198,29,16,5,0,3,8,6,5,2,Red
31-Dec-15,South Dakota,8928,0,32317,50323,2215,1959,1,11,11,1,1594,2886,4,0,0,0,0,0,3,15,0,0,0,0,100268,27,12,5,1,5,1,8,2,5,Red
31-Dec-08,Montana,6854,0,22710,51084,0,2071,0,16,48,0,3585,11231,0,0,0,0,0,0,0,0,0,0,0,0,97599,23,11,5,3,1,2,4,4,4,Red
31-Dec-13,Montana,16704,0,39081,59936,1149,2921,90,19,78,2,5290,12549,11,0,0,0,0,0,0,0,0,0,0,0,137830,15,9,5,0,1,3,3,2,1,Red
31-Dec-07,Montana,5524,0,19125,49577,0,1679,0,17,57,0,3288,11088,0,0,0,0,0,0,0,0,0,0,0,0,90355,14,10,5,0,2,3,2,1,1,Red
31-Dec-16,North Dakota,13240,0,19975,34013,1284,972,0,10,25,0,723,1671,8,0,0,0,0,0,26,84,3,1,0,1,72036,14,8,5,2,0,1,3,1,2,Red
31-Dec-07,New Hampshire,20713,0,18784,25413,0,96,40,0,2,0,0,62,0,0,0,0,0,0,0,0,0,0,0,0,65110,11,7,5,0,0,2,2,2,0,Red
31-Dec-19,South Dakota,7529,23,29458,40012,2443,1965,0,16,30,3,1562,2164,9,0,0,0,0,0,59,108,37,4,4,0,85426,19,7,4,1,0,2,3,6,3,Red
31-Dec-16,New Hampshire,48347,0,68529,44681,2206,55,205,0,4,0,0,141,9,806,51,16,0,0,65,35,8,0,4,2,165164,16,8,4,1,1,2,2,0,6,Red
31-Dec-15,Wyoming,6674,0,22374,26264,1123,1279,9,19,34,1,1848,2684,0,0,1,0,0,0,8,16,0,2,3,0,62339,16,10,4,0,3,3,2,3,1,Red
31-Dec-15,New Hampshire,41217,0,55003,38243,1265,22,95,1,2,0,0,221,4,601,43,38,0,0,26,24,9,0,2,0,136816,14,8,4,0,0,4,6,0,0,Red
31-Dec-07,Iowa,54471,0,231,42732,0,35,0,3,11,0,30,1375,0,0,0,0,0,0,0,0,0,0,0,0,98888,36,12,4,2,1,5,11,8,5,Red
31-Dec-08,South Dakota,0,0,14712,43438,0,990,0,1,7,0,645,2696,0,0,0,0,0,0,0,0,0,0,0,0,62489,22,13,4,0,2,7,1,7,1,Red
31-Dec-06,Montana,5138,0,17263,48533,0,1751,1,6,49,0,3367,11662,0,0,0,0,0,0,0,0,0,0,0,0,87770,17,4,4,0,0,0,3,7,3,Red
31-Dec-12,New Hampshire,32899,0,50981,43602,457,19,73,0,1,0,1,145,0,0,0,0,0,0,0,0,0,0,0,0,128178,14,9,4,0,0,5,3,2,0,Red
31-Dec-17,New Hampshire,26602,0,62280,36962,1827,55,142,0,8,2,59,170,13,810,57,25,0,0,0,78,0,0,0,0,129090,14,7,4,0,1,2,5,1,1,Red
31-Dec-19,Alabama,348147,6973,160667,120258,8515,7868,0,267,194,16,22809,13693,101,2,1,0,0,0,298,213,43,6,11,2,690084,4,3,3,0,0,0,0,1,0,Red
31-Dec-09,Iowa,76640,0,441,41520,71,142,0,0,30,0,23,1366,0,0,0,0,0,0,0,0,0,0,0,0,120233,34,11,3,1,3,4,8,6,9,Red
31-Dec-10,Alaska,0,0,25720,33177,825,1519,0,85,122,1,2065,2393,2,0,0,0,0,0,0,0,0,0,0,0,65909,31,19,3,5,1,10,4,4,4,Red
31-Dec-09,Idaho,20319,0,23365,43713,184,1720,0,31,70,0,2689,7152,0,0,0,0,0,0,0,0,0,0,0,0,99243,22,5,3,0,0,2,3,9,5,Red
31-Dec-13,New Hampshire,43805,0,56470,46503,682,23,53,0,2,0,6,181,1,0,0,0,0,0,0,0,0,0,0,0,147726,21,5,3,0,0,2,6,5,5,Red
31-Dec-11,South Dakota,0,0,20186,43602,430,1291,0,8,21,0,1085,3029,2,0,0,0,0,0,0,0,0,0,0,0,69654,15,5,3,1,0,1,4,3,3,Red
31-Dec-10,South Dakota,0,0,16624,41403,284,1011,0,7,17,0,910,2893,2,0,0,0,0,0,0,0,0,0,0,0,63151,14,8,3,0,1,4,2,4,0,Red
31-Dec-14,New Hampshire,36823,0,47546,38906,952,21,153,3,3,0,1,260,9,0,0,0,0,0,0,0,0,0,0,0,124677,12,6,3,2,0,1,2,3,1,Red
31-Dec-07,North Dakota,3320,0,6471,30272,0,301,11,3,19,0,293,1621,0,0,0,0,0,0,0,0,0,0,0,0,42311,12,3,3,0,0,0,1,4,4,Red
31-Dec-11,North Dakota,5801,0,15144,36835,275,721,10,5,15,0,447,1778,1,0,0,0,0,0,0,0,0,0,0,0,61032,12,6,3,0,0,3,4,0,2,Red
31-Dec-10,North Dakota,4051,0,9932,30214,202,525,4,10,10,0,397,1736,2,0,0,0,0,0,0,0,0,0,0,0,47083,9,4,3,0,1,0,0,4,1,Red
31-Dec-18,Alabama,271958,263,84187,81930,3701,4794,0,141,135,3,14456,12030,54,0,0,0,0,0,311,285,27,6,6,7,474294,2,2,2,0,0,0,0,0,0,Red
31-Dec-17,North Dakota,11712,0,19693,30691,1269,921,51,12,15,2,824,1521,19,0,0,0,0,0,66,161,13,1,2,4,66977,9,5,2,1,0,2,1,2,1,Red
31-Dec-11,Montana,7801,0,29416,50377,503,2508,74,31,75,0,4859,13327,3,0,0,0,0,0,0,0,0,0,0,0,108974,18,7,2,3,1,1,4,5,2,Red
31-Dec-06,Nebraska,20314,0,11,29589,0,5,0,1,8,0,14,1277,0,2,0,0,0,0,0,0,0,0,0,0,51221,16,5,2,1,0,2,2,7,2,Red
31-Dec-07,Wyoming,3296,0,11317,23828,0,693,125,13,35,0,828,2635,0,0,0,0,0,0,0,0,0,0,0,0,42770,16,7,2,2,2,1,2,1,6,Red
31-Dec-07,South Dakota,0,0,10178,39901,0,707,0,3,21,0,703,2500,0,0,0,0,0,0,0,0,0,0,0,0,54013,15,4,2,1,1,0,3,6,2,Red
31-Dec-12,South Dakota,0,0,28948,52801,651,1837,0,8,11,1,1163,3023,4,0,0,0,0,0,0,0,0,0,0,0,88447,14,4,2,1,1,0,1,4,5,Red
31-Dec-12,Wyoming,3902,0,24029,28263,580,1400,18,11,36,0,1750,3367,0,0,0,0,0,0,0,0,0,0,0,0,63356,14,5,2,0,0,3,3,2,4,Red
31-Dec-10,New Hampshire,22799,0,28788,27960,160,75,47,0,2,0,0,109,0,0,0,0,0,0,0,0,0,0,0,0,79940,13,5,2,0,2,1,5,3,0,Red
31-Dec-06,New Hampshire,19021,0,16495,27288,0,145,0,0,1,0,0,51,0,158,0,0,0,0,0,0,0,0,0,0,63159,12,3,2,0,1,0,6,1,2,Red
31-Dec-08,Wyoming,4232,0,15302,25014,0,963,141,7,38,0,964,2594,0,0,0,0,0,0,0,0,0,0,0,0,49255,10,4,2,0,0,2,3,1,2,Red
31-Dec-06,Wyoming,2758,0,10469,24239,0,681,67,13,27,0,1012,3110,0,0,0,0,0,0,0,0,0,0,0,0,42376,9,5,2,2,1,0,3,0,1,Red
31-Dec-16,Wyoming,7938,45,22569,25815,1457,1295,36,11,41,1,1770,2563,9,0,2,0,0,0,9,21,2,1,8,1,63594,19,6,1,0,1,4,8,3,2,Red
31-Dec-15,Alabama,246203,0,243734,176075,9442,10781,0,162,169,11,27932,22808,86,0,0,0,0,0,38,48,6,9,5,0,737509,3,3,1,0,1,1,0,0,0,Red
31-Dec-12,Alaska,89,0,35851,40505,1646,2337,16,55,111,0,2294,2436,2,0,0,0,0,0,0,0,0,0,0,0,85342,29,11,1,0,0,10,9,7,2,Red
31-Dec-09,Alaska,0,0,23339,31112,466,1930,0,97,68,0,1718,2050,0,0,0,0,0,0,0,0,0,0,0,0,60780,22,13,1,0,0,12,4,3,2,Red
31-Dec-08,Nebraska,25172,0,102,30070,0,33,3,0,3,0,14,1192,0,0,0,0,0,0,0,0,0,0,0,0,56589,22,9,1,1,2,5,4,8,1,Red
31-Dec-11,New Hampshire,25986,0,33604,30808,224,110,142,0,1,1,0,106,2,0,0,0,0,0,0,0,0,0,0,0,90984,16,6,1,2,1,2,4,6,0,Red
31-Dec-12,North Dakota,13163,0,22938,44526,490,1088,0,2,9,0,617,2033,1,0,0,0,0,0,0,0,0,0,0,0,84867,16,4,1,0,1,2,2,8,2,Red
31-Dec-14,North Dakota,8264,0,18892,38922,711,1095,0,16,16,2,751,1879,0,0,0,0,0,0,0,0,0,0,0,0,70548,14,6,1,1,0,4,3,3,2,Red
31-Dec-08,New Hampshire,17087,0,23478,26434,0,144,58,0,1,0,0,91,0,0,0,0,0,0,0,0,0,0,0,0,67293,12,2,1,1,0,0,3,7,0,Red
31-Dec-09,New Hampshire,18663,0,27945,29280,0,82,35,0,3,0,0,94,0,0,0,0,0,0,0,0,0,0,0,0,76102,10,4,1,0,0,3,3,2,1,Red
31-Dec-09,North Dakota,6492,0,9779,29090,68,634,3,5,11,0,339,1541,0,0,0,0,0,0,0,0,0,0,0,0,47962,9,3,1,1,1,0,0,3,3,Red
31-Dec-06,North Dakota,3004,0,5877,28340,0,280,0,4,16,0,247,1668,0,0,0,0,0,0,0,0,0,0,0,0,39436,8,1,1,0,0,0,4,3,0,Red
31-Dec-12,Alabama,6135,0,177239,184072,4348,9227,1,106,150,1,24168,25863,46,0,0,0,0,0,0,0,0,0,0,0,431356,2,1,1,0,0,0,0,1,0,Red
31-Dec-13,Alabama,100231,0,195052,203530,5955,9270,2,99,157,0,24521,25001,61,0,0,0,1,0,0,0,0,0,0,0,563880,2,1,1,0,0,0,1,0,0,Red
31-Dec-14,Alabama,204273,0,178355,170815,6715,9254,0,108,177,4,26804,24720,80,0,0,0,0,0,0,0,0,0,0,0,621305,1,1,1,0,0,0,0,0,0,Red
31-Dec-17,Alabama,253338,1401,97751,86210,3293,4293,0,129,152,8,15781,14584,36,0,0,0,0,0,176,165,15,2,5,6,477345,2,1,0,0,0,1,0,1,0,Red
31-Dec-16,Alabama,291039,0,153123,121963,6104,6545,5,111,114,2,20036,17697,62,0,0,0,0,0,72,65,4,3,2,0,616947,3,1,0,0,0,1,0,2,0,Red
31-Dec-14,South Dakota,48,0,27448,48624,1221,1828,0,2,11,0,1440,3035,2,0,0,0,0,0,0,0,0,0,0,0,83659,15,6,0,0,0,6,1,5,3,Red
31-Dec-13,South Dakota,26,0,31418,53625,961,1918,0,4,14,0,1247,2842,0,0,0,0,0,0,0,0,0,0,0,0,92055,12,3,0,0,1,2,1,4,4,Red
31-Dec-13,North Dakota,12926,0,23594,44862,643,1160,0,10,7,3,741,1866,0,0,0,0,0,0,0,0,0,0,0,0,85812,11,4,0,2,0,2,4,3,0,Red
31-Dec-09,South Dakota,0,0,16164,42901,132,1131,0,6,12,0,777,2625,0,0,0,0,0,0,0,0,0,0,0,0,63748,11,4,0,1,2,1,5,1,1,Red
31-Dec-06,South Dakota,0,0,9107,39529,0,586,0,7,13,0,721,2712,0,0,0,0,0,0,0,0,0,0,0,0,52675,8,2,0,0,0,2,2,4,0,Red
31-Dec-10,Wyoming,5916,0,14589,21490,303,817,138,16,48,0,1216,3174,2,0,0,0,0,0,0,0,0,0,0,0,47709,8,5,0,2,0,3,1,1,1,Red
31-Dec-08,North Dakota,3930,0,8666,32021,0,442,7,5,19,0,287,1455,0,0,0,0,0,0,0,0,0,0,0,0,46832,3,0,0,0,0,0,2,0,1,Red
31-Dec-17,Georgia,202407,0,172447,113882,5422,6775,0,217,143,13,22819,16874,102,6,0,0,0,0,312,206,18,2,9,1,541655,672,542,490,15,5,32,37,85,8,Swing
31-Dec-06,Pennsylvania,2465,0,3,515760,0,2090,2,0,0,0,0,0,0,134,0,0,0,0,0,0,0,0,0,0,520454,719,554,474,14,11,55,51,87,27,Swing
31-Dec-18,Pennsylvania,305451,0,534653,169869,394,0,3399,0,0,0,0,0,0,6835,1337,5,0,0,0,0,0,0,0,0,1021943,787,580,464,17,7,92,83,99,25,Swing
31-Dec-17,Pennsylvania,316614,0,566320,168472,1082,0,2418,0,0,0,0,0,0,6411,1321,13,0,0,0,0,0,0,0,0,1062651,735,567,452,11,8,96,63,73,32,Swing
31-Dec-07,Pennsylvania,2646,0,1,558582,0,1371,3,0,0,0,0,0,0,0,0,0,0,0,0,0,0,0,0,0,562603,719,527,439,18,10,60,81,88,23,Swing
31-Dec-16,Georgia,233115,0,194800,128277,6474,7478,0,136,157,11,23376,18957,76,0,0,0,0,0,53,53,11,2,9,0,612985,646,522,421,20,14,67,48,71,5,Swing
31-Dec-12,Pennsylvania,93393,0,536,873543,1057,0,2,0,1,0,0,2,0,0,0,0,0,0,0,0,0,0,0,0,968534,684,522,412,9,10,91,68,74,20,Swing
31-Dec-18,Georgia,231354,0,157027,106200,7004,8134,1,266,172,16,23210,15330,114,7,0,0,0,0,427,216,39,6,8,1,549532,568,460,410,11,10,29,44,62,2,Swing
31-Dec-07,Georgia,46333,0,82899,109975,0,3676,0,200,352,0,10455,16578,0,0,0,0,0,0,0,0,0,0,0,0,270468,674,485,401,24,30,30,84,99,6,Swing
31-Dec-08,Pennsylvania,2737,0,2,594353,0,1442,10,0,0,0,0,0,0,0,0,0,0,0,0,0,0,0,0,0,598544,700,521,398,15,16,92,66,86,27,Swing
31-Dec-16,Pennsylvania,333755,0,642232,158141,249,0,1704,0,0,0,0,2,0,5742,1387,8,0,0,0,0,0,0,0,0,1143220,655,486,395,10,12,69,68,78,23,Swing
31-Dec-15,Georgia,192809,0,189445,126520,5191,7473,0,112,131,6,23478,21628,49,0,0,0,0,0,51,36,4,7,5,1,566946,565,464,394,16,10,44,38,60,3,Swing
31-Dec-15,Pennsylvania,267623,0,601164,118232,0,0,536,0,0,0,0,1,0,4543,1308,22,0,0,0,0,0,0,0,0,993429,651,497,386,10,11,90,65,67,22,Swing
31-Dec-11,Pennsylvania,3209,0,94,714553,3,1072,3,0,0,0,0,0,0,0,0,0,0,0,0,0,0,0,0,0,718934,636,470,379,8,19,64,73,66,27,Swing
31-Dec-09,Pennsylvania,2278,0,7,637968,0,1442,1,0,0,0,0,0,0,0,0,0,0,0,0,0,0,0,0,0,641696,658,468,373,13,11,71,66,100,24,Swing
31-Dec-08,Georgia,116574,0,105299,109944,0,4788,1,225,407,0,12026,18110,0,0,0,0,0,0,0,0,0,0,0,0,367374,614,435,371,20,13,31,73,98,8,Swing
31-Dec-14,Georgia,156469,0,145921,124217,3997,6693,0,137,124,1,22827,24158,36,0,0,0,0,0,0,0,0,0,0,0,484580,540,416,371,11,10,24,55,63,6,Swing
31-Dec-10,Pennsylvania,2569,0,6,622368,0,1730,4,0,0,0,0,0,0,0,0,0,0,0,0,0,0,0,0,0,626677,646,457,367,8,11,71,67,94,28,Swing
31-Dec-06,Georgia,35443,0,100961,138972,0,4837,2,256,408,0,13016,18006,0,0,0,0,0,0,0,0,0,0,0,0,311901,548,403,351,13,19,20,64,67,14,Swing
31-Dec-14,Pennsylvania,239166,0,507888,151566,175,0,437,2,5,0,1,1,0,0,0,0,0,0,0,0,0,0,0,0,899241,609,453,350,8,14,81,63,78,15,Swing
31-Dec-19,Pennsylvania,273455,0,529408,172869,355,0,3232,0,0,0,1,0,0,7236,1315,15,0,0,0,0,0,0,0,0,987886,556,429,350,11,11,57,46,66,15,Swing
31-Dec-13,Georgia,176406,0,155855,139936,3362,6652,0,158,233,0,21098,24167,18,0,0,0,0,0,0,0,0,0,0,0,527885,534,411,348,11,10,42,40,74,9,Swing
31-Dec-12,Georgia,120240,0,149486,138183,2622,7108,0,213,287,2,21286,26105,28,0,0,0,0,0,0,0,0,0,0,0,465560,541,390,344,10,12,24,57,85,9,Swing
31-Dec-13,Pennsylvania,275728,0,317,765678,2982,0,20,1,3,0,2,0,0,0,0,0,0,0,0,0,0,0,0,0,1044731,594,440,328,20,22,70,52,74,28,Swing
31-Dec-11,Georgia,90278,0,116794,112097,1567,5137,0,189,316,0,17923,23569,24,0,0,0,0,0,0,0,0,0,0,0,367894,522,370,326,16,16,12,61,83,8,Swing
31-Dec-09,Georgia,128237,0,105011,101644,489,5021,0,208,451,0,12951,19225,0,0,0,0,0,0,0,0,0,0,0,0,373237,543,378,323,17,19,19,56,97,12,Swing
31-Dec-10,Georgia,95959,0,99145,95541,1223,4278,0,145,300,1,15200,21434,21,0,0,0,0,0,0,0,0,0,0,0,333247,527,376,315,19,21,21,64,85,2,Swing
31-Dec-12,Michigan,242029,0,21005,159546,2664,554,4,0,11,0,21,4571,0,0,0,0,0,0,0,0,0,0,0,0,430405,682,536,309,36,19,172,48,61,37,Swing
31-Dec-19,Georgia,222456,1,162135,102665,7785,7489,0,258,183,17,21996,13628,92,107,5,0,0,0,192,73,19,4,8,0,539113,445,367,305,14,3,45,34,35,9,Swing
31-Dec-06,Arizona,32182,0,77463,77512,0,3406,0,110,64,0,7614,5827,0,0,0,0,0,0,0,0,0,0,0,0,204178,462,343,269,33,14,27,53,46,20,Swing
31-Dec-11,Michigan,201143,0,15224,134412,1361,381,1,0,26,1,10,4076,0,0,0,0,0,0,0,0,0,0,0,0,356635,613,450,267,29,15,139,43,89,31,Swing
31-Dec-07,Arizona,33595,0,73717,68907,0,3236,0,50,39,0,7291,5236,0,0,0,0,0,0,0,0,0,0,0,0,192071,464,323,265,35,11,12,44,67,30,Swing
31-Dec-08,Arizona,38724,0,80623,71653,0,4171,4,38,24,0,7733,5751,0,0,0,0,0,0,0,0,0,0,0,0,208721,405,290,243,15,16,16,45,45,25,Swing
31-Dec-09,Michigan,194808,0,25707,135169,764,1682,0,1,15,0,8,4018,0,0,0,0,0,0,0,0,0,0,0,0,362172,625,437,239,25,19,154,47,112,29,Swing
31-Dec-10,Michigan,194283,0,18523,129008,1397,594,0,0,23,0,8,4363,1,0,0,0,0,0,0,0,0,0,0,0,348200,558,413,239,25,14,135,43,71,31,Swing
31-Dec-06,Ohio,0,0,119652,181106,0,6173,0,169,690,0,6453,10889,0,0,0,0,0,0,0,0,0,0,0,0,325132,487,334,233,3,8,90,40,84,29,Swing
31-Dec-17,Ohio,141773,3893,332879,213760,19116,14392,0,87,50,10,16310,9417,72,265,51,5,0,0,549,371,30,21,13,8,753072,682,485,226,5,11,243,46,128,23,Swing
31-Dec-14,Michigan,177757,0,110011,125769,3733,2244,0,3,26,1,64,4477,5,0,0,0,0,0,0,0,1,0,0,0,424091,531,342,209,5,4,124,60,102,27,Swing
31-Dec-06,Michigan,139160,0,28568,160454,0,763,0,0,76,0,6,3401,0,0,0,0,0,0,0,0,0,0,0,0,332428,711,498,208,29,25,236,50,134,29,Swing
31-Dec-13,Ohio,0,0,358748,266246,13015,15444,0,25,23,1,13973,13399,56,0,0,0,0,0,0,0,0,0,0,0,680930,434,309,208,3,4,94,37,69,19,Swing
31-Dec-13,Michigan,200912,0,136643,155359,3802,2655,0,2,44,0,47,4512,2,0,0,0,0,0,0,1,0,0,0,0,503979,625,440,203,16,23,198,43,106,36,Swing
31-Dec-16,Ohio,167449,695,394570,243963,23993,16333,2,123,65,7,16771,11040,137,170,52,24,0,0,216,83,8,14,7,2,875724,627,452,197,7,8,240,39,104,32,Swing
31-Dec-09,Ohio,0,0,194377,168250,2048,10746,0,301,813,0,7929,11116,0,0,0,0,0,0,0,0,0,0,0,0,395580,502,311,193,2,9,107,52,95,44,Swing
31-Dec-16,Michigan,251162,20283,164878,129089,6382,2815,23,9,25,2,128,3647,25,870,186,5,0,0,51,21,1,2,1,0,579605,597,443,191,15,12,225,45,89,20,Swing
31-Dec-11,Ohio,3,0,243338,186301,5490,9949,15,85,260,1,10709,12814,9,0,0,0,0,0,0,0,0,0,0,0,468974,488,344,187,8,13,136,44,80,20,Swing
31-Dec-07,Ohio,0,0,124805,178028,0,6133,0,194,660,0,6206,10088,0,0,0,0,0,0,0,0,0,0,0,0,326114,486,299,187,6,15,91,45,101,41,Swing
31-Dec-17,Michigan,232407,304,141062,125413,5931,2642,8,9,47,5,90,3386,12,1213,223,15,0,0,241,210,12,7,6,0,513243,567,381,185,13,12,171,55,101,30,Swing
31-Dec-18,Ohio,179879,6170,277027,196827,19919,13209,1,141,95,18,14329,8174,57,599,119,10,0,0,492,327,49,10,21,2,717475,546,383,184,3,7,189,49,87,27,Swing
31-Dec-15,Ohio,95332,0,357374,233793,17977,14885,6,181,149,35,16398,12071,113,16,1,3,0,0,84,67,4,7,5,1,748502,480,316,184,12,7,113,39,103,22,Swing
31-Dec-07,Michigan,139924,0,24619,143218,0,741,0,0,22,0,4,3323,0,0,0,0,0,0,0,0,0,0,0,0,311851,672,444,180,29,26,209,64,134,30,Swing
31-Dec-14,Ohio,0,0,303396,235600,14730,14053,0,57,49,24,15323,13074,82,0,0,0,0,0,0,0,1,0,0,0,596389,436,277,180,0,4,93,37,102,20,Swing
31-Dec-19,Ohio,140046,2689,264798,174645,21424,12594,25,154,83,22,13349,6927,80,720,167,53,0,0,378,262,45,17,14,3,638495,521,382,178,13,3,188,26,88,25,Swing
31-Dec-10,Ohio,1,0,199090,159740,4284,7759,8,290,781,1,9350,11941,5,0,0,0,0,0,0,0,0,0,0,0,393250,460,310,176,7,2,125,40,93,17,Swing
31-Dec-12,Ohio,0,0,328683,249311,9730,14531,0,22,18,1,13004,13891,24,0,0,0,0,0,0,0,0,0,0,0,629215,410,278,176,5,8,89,34,74,24,Swing
31-Dec-08,Ohio,0,0,161737,162264,0,8148,0,144,453,0,6838,10430,0,0,0,0,0,0,0,0,0,0,0,0,350014,460,293,175,5,5,108,38,90,39,Swing
31-Dec-19,Michigan,218541,15695,126582,115256,8845,2845,24,10,52,4,104,2803,15,1012,144,5,0,0,112,111,7,0,2,2,492171,551,379,172,13,5,189,44,104,24,Swing
31-Dec-19,Arizona,68547,6544,158864,89182,15720,10361,0,143,76,21,14863,6824,60,1199,130,13,0,0,209,112,35,4,4,1,372912,337,213,170,6,6,31,47,67,10,Swing
31-Dec-18,Michigan,234325,103,123070,116531,7977,2462,2,12,48,7,121,3078,11,1212,235,2,0,0,290,429,29,3,6,4,489957,550,394,166,17,11,200,31,99,26,Swing
31-Dec-08,Michigan,185005,0,26618,140993,0,1200,0,0,12,0,0,3507,0,0,0,0,0,0,0,0,0,0,0,0,357335,536,375,165,16,8,186,40,94,27,Swing
31-Dec-11,Arizona,32906,0,108245,81285,3111,4700,0,95,42,1,12987,8079,26,0,0,0,0,0,0,0,0,0,0,0,251477,339,222,165,14,9,34,49,59,9,Swing
31-Dec-09,Arizona,41143,0,82347,71188,891,5038,0,35,21,0,8959,5757,0,0,0,0,0,0,0,0,0,0,0,0,215379,328,197,164,10,10,13,61,53,17,Swing
31-Dec-17,Arizona,81734,2921,153522,99248,12495,8120,0,102,56,7,16728,8167,55,1168,103,0,0,0,287,174,26,8,6,3,384930,404,249,162,8,9,70,50,93,12,Swing
31-Dec-12,Arizona,55725,0,139050,107079,5528,6670,0,90,44,3,16163,9290,21,0,0,0,0,0,0,0,0,0,0,0,339663,321,211,157,12,9,33,40,58,12,Swing
31-Dec-16,Arizona,87771,5109,166784,108988,13122,7908,0,74,60,3,16576,8390,78,1116,133,1,0,0,76,56,11,11,11,1,416279,336,227,156,16,10,45,40,63,6,Swing
31-Dec-10,Arizona,24751,0,89162,69067,2091,3768,0,57,38,0,10310,6793,13,0,0,0,0,0,0,0,0,0,0,0,206050,352,232,152,14,10,56,51,62,7,Swing
31-Dec-15,Michigan,217034,0,141689,126919,4602,2378,3170,3,17,1,73,4147,11,661,166,7,0,0,22,11,2,2,5,1,500921,571,389,148,10,10,221,52,103,27,Swing
31-Dec-18,Arizona,83230,5433,147612,92265,14676,8572,0,145,84,14,15799,7678,70,1564,107,4,0,0,307,213,47,5,12,1,377838,339,203,139,12,6,46,45,87,4,Swing
31-Dec-13,Arizona,76048,0,138744,110309,6824,6339,0,73,44,1,15586,9043,25,0,0,0,0,0,0,0,0,0,0,0,363036,304,184,133,11,11,29,56,55,9,Swing
31-Dec-15,Arizona,47873,0,148400,93155,8896,6794,0,49,30,5,16479,8808,52,797,43,2,0,0,29,21,4,4,1,0,331442,278,171,128,4,3,36,42,55,10,Swing
31-Dec-15,Wisconsin,65241,0,155285,149264,7105,510,0,0,16,1,1497,3774,65,253,129,34,0,0,29,55,10,1,10,1,383280,238,170,122,5,4,39,37,25,6,Swing
31-Dec-16,Wisconsin,199431,0,186300,159784,9867,523,0,0,12,12,1561,3498,64,358,244,28,0,0,56,68,7,0,6,0,561819,226,166,119,6,4,37,27,21,12,Swing
31-Dec-14,Arizona,56033,0,123375,91086,7480,6216,0,68,49,1,16987,9338,39,0,0,0,0,0,0,0,0,0,0,0,310672,258,153,116,6,6,25,33,66,6,Swing
31-Dec-17,Wisconsin,182395,0,171610,155995,9486,562,0,0,17,38,1836,3421,88,508,277,32,0,0,0,258,0,0,0,0,526523,186,149,111,4,2,32,11,17,9,Swing
31-Dec-07,Nevada,9100,0,29632,26412,0,1510,1,0,0,0,2017,1604,0,0,0,0,0,0,0,0,0,0,0,0,70276,192,123,92,7,4,20,25,32,12,Swing
31-Dec-06,Nevada,9220,0,28653,29518,0,1754,3,0,0,0,2130,1685,0,0,0,0,0,0,0,0,0,0,0,0,72963,224,133,88,4,9,32,34,45,12,Swing
31-Dec-07,Wisconsin,0,0,43550,134686,0,25,0,1,9,0,64,2272,0,0,0,0,0,0,0,0,0,0,0,0,180607,182,121,86,9,5,21,18,27,16,Swing
31-Dec-12,Wisconsin,136706,0,165937,158062,4023,250,0,0,23,1,473,3898,2,0,0,0,0,0,0,0,0,0,0,0,469375,169,108,85,5,1,17,30,21,10,Swing
31-Dec-14,Wisconsin,52710,0,125208,144916,5406,520,0,8,11,14,1389,4101,25,0,0,0,0,0,0,0,0,0,0,0,334308,158,117,79,8,2,28,19,13,9,Swing
31-Dec-06,Wisconsin,0,0,43652,143134,0,24,0,3,28,0,57,2330,0,0,0,0,0,0,0,0,0,0,0,0,189228,163,95,72,3,3,17,23,29,16,Swing
31-Dec-13,Wisconsin,92407,0,166049,165601,5211,405,0,2,28,8,1072,3895,10,0,0,0,0,0,0,0,0,0,0,0,434688,157,103,72,6,6,19,18,24,12,Swing
31-Dec-18,Wisconsin,131991,2,155441,145652,12339,583,1,0,13,86,1645,3019,64,1103,335,26,0,0,0,220,0,0,0,0,452520,178,136,67,4,2,63,15,16,11,Swing
31-Dec-06,Minnesota,63730,0,40890,131761,0,1610,0,4,40,0,906,5771,0,0,0,0,0,0,0,0,0,0,0,0,244712,117,75,67,1,7,0,20,9,13,Swing
31-Dec-09,Nevada,12361,0,47416,39831,0,3198,0,0,0,0,2727,1810,0,0,0,0,0,0,0,0,0,0,0,0,107343,156,91,66,1,3,21,25,27,13,Swing
31-Dec-09,Wisconsin,0,0,64458,128637,541,437,0,5,33,0,75,2765,0,0,0,0,0,0,0,0,0,0,0,0,196951,144,95,65,3,9,18,22,13,14,Swing
31-Dec-10,Wisconsin,1,0,62619,127101,1412,107,1,3,72,5,159,3308,9,0,0,0,0,0,0,0,0,0,0,0,194797,151,97,63,5,6,23,13,22,19,Swing
31-Dec-19,Minnesota,129788,297448,105932,125236,11065,5542,0,26,48,6,2413,3573,33,641,162,31,0,0,172,214,17,3,5,1,682356,114,79,61,0,0,18,10,15,10,Swing
31-Dec-08,Nevada,10233,0,42766,35528,0,2616,1,0,0,0,2482,1626,0,0,0,0,0,0,0,0,0,0,0,0,95252,163,93,60,1,6,26,27,35,8,Swing
31-Dec-11,Wisconsin,83719,0,101839,130883,1958,237,0,0,49,5,312,3759,0,0,0,0,0,0,0,0,0,0,0,0,322761,135,80,60,7,3,10,21,13,21,Swing
31-Dec-17,Minnesota,443975,0,94383,125512,7638,3967,0,14,14,1,2343,4850,58,159,107,25,0,0,226,249,10,5,6,2,683544,113,69,58,1,2,8,14,23,7,Swing
31-Dec-10,Nevada,13332,0,46625,36803,0,3017,0,0,0,0,3044,1968,0,0,0,0,0,0,0,0,0,0,0,0,104789,158,84,57,5,6,16,22,34,18,Swing
31-Dec-19,Wisconsin,102078,6828,164711,143135,12545,631,0,0,10,94,1533,2470,61,1100,377,33,0,0,0,79,0,0,0,0,435685,178,119,53,3,3,60,25,27,7,Swing
31-Dec-13,Minnesota,231076,0,124002,152045,4864,4443,0,14,38,0,2306,6984,2,0,0,0,0,0,0,0,0,0,0,0,525774,110,60,53,0,4,3,17,24,9,Swing
31-Dec-07,Minnesota,73309,0,44506,122205,0,1800,0,2,61,0,877,5326,0,0,0,0,0,0,0,0,0,0,0,0,248086,107,61,52,7,2,0,15,20,11,Swing
31-Dec-08,Wisconsin,0,0,54002,130285,0,54,0,2,20,0,39,2417,0,0,0,0,0,0,0,0,0,0,0,0,186819,146,80,51,7,3,19,25,22,19,Swing
31-Dec-08,Minnesota,92602,0,54590,121022,0,2515,0,6,58,0,900,5482,0,0,0,0,0,0,0,0,0,0,0,0,277175,106,54,51,1,2,0,22,22,8,Swing
31-Dec-19,Nevada,26028,0,58284,30822,4126,3448,2,1,2,0,3909,1527,9,7,1,0,0,0,102,41,1,1,1,0,128312,147,94,49,5,3,37,20,23,10,Swing
31-Dec-15,Minnesota,253341,0,110200,136831,6247,4105,0,11,41,2,2320,5870,11,126,67,9,0,0,16,38,1,0,5,3,519244,133,79,47,6,9,17,21,23,10,Swing
31-Dec-18,Nevada,28924,0,54925,30973,4073,2997,0,1,1,1,3889,1644,3,2,1,0,0,0,0,0,0,0,0,0,127434,201,134,46,1,1,86,23,24,20,Swing
31-Dec-11,Nevada,14285,0,53246,42142,113,3464,1,0,1,0,3358,2130,0,0,0,0,0,0,0,0,0,0,0,0,118740,129,75,46,2,1,26,20,25,9,Swing
31-Dec-10,Minnesota,109840,0,58612,117485,1484,2260,0,8,43,0,1377,6280,1,0,0,0,0,0,0,0,0,0,0,0,297390,91,53,43,2,8,0,14,16,8,Swing
31-Dec-16,Minnesota,350315,0,133962,143543,10289,5046,0,14,30,0,2589,5277,153,125,78,3,0,0,87,76,9,2,1,0,651599,99,60,42,2,1,15,12,19,8,Swing
31-Dec-12,Nevada,19920,0,61929,51644,2507,4465,1,5,5,0,3572,2309,6,0,0,0,0,0,0,0,0,0,0,0,146363,116,70,41,1,2,26,17,23,6,Swing
31-Dec-12,Minnesota,172651,0,102120,148621,3753,4076,0,11,79,1,2129,7544,7,0,0,0,0,0,0,0,0,0,0,0,440992,89,41,37,2,2,0,21,16,11,Swing
31-Dec-18,Minnesota,351809,68595,62516,104299,6920,3188,0,13,19,5,1702,4086,25,300,131,9,0,0,192,236,25,1,7,0,604078,104,49,36,4,0,9,16,28,11,Swing
31-Dec-11,Minnesota,124260,0,72073,127369,2157,2776,0,5,41,0,1737,7105,11,0,0,0,0,0,0,0,0,0,0,0,337534,70,43,36,3,3,1,12,12,3,Swing
31-Dec-09,Minnesota,94956,0,61840,117678,662,3085,0,1,40,0,1088,5780,0,0,0,0,0,0,0,0,0,0,0,0,285130,72,38,35,1,1,1,14,8,12,Swing
31-Dec-14,Minnesota,237357,0,92969,132957,4869,3945,0,7,29,3,2434,6543,9,0,0,0,0,0,0,0,0,0,0,0,481122,82,42,33,1,3,5,10,20,10,Swing
31-Dec-13,Nevada,25878,0,59861,48128,3168,4153,0,1,3,1,3530,2163,6,0,0,0,0,0,0,0,0,0,0,0,146892,157,87,26,0,3,58,24,36,10,Swing
31-Dec-16,Nevada,30950,0,66158,38105,3387,3723,0,0,1,0,3793,1863,6,5,1,0,0,0,0,0,0,0,0,0,147992,209,141,21,2,0,118,20,42,6,Swing
31-Dec-15,Nevada,25057,0,56978,34316,2510,3117,0,0,0,0,3546,1947,5,4,0,0,0,0,0,0,0,0,0,0,127480,177,113,17,1,1,94,25,30,9,Swing
31-Dec-17,Nevada,26831,0,57524,32903,3368,3303,0,1,2,1,3959,1726,1,3,0,0,0,0,0,0,0,0,0,0,129622,270,201,16,58,0,127,28,30,11,Swing
31-Dec-15,Maine,3780,0,42604,41198,1942,1965,29,4,2,1,1069,2036,1,47,42,2,0,0,10,6,2,2,2,0,94744,23,16,15,0,0,1,3,1,3,Swing
31-Dec-14,Nevada,21226,0,48428,35808,2627,3075,0,2,0,0,3518,2048,3,0,0,0,0,0,0,0,0,0,0,0,116735,169,94,14,1,0,79,34,32,9,Swing
31-Dec-06,Maine,0,0,14263,35281,0,1089,0,127,456,0,467,1423,0,0,0,0,0,0,0,0,0,0,0,0,53106,23,12,7,2,1,2,1,8,2,Swing
31-Dec-19,Maine,6287,57,36250,39112,3685,2219,27,11,7,0,1107,1266,18,251,172,2,0,0,63,70,10,4,8,0,90626,20,13,6,0,3,4,2,4,1,Swing
31-Dec-18,Maine,7341,6,37050,39774,3675,2265,12,5,7,1,1264,1410,27,181,73,5,0,0,138,99,13,7,7,0,93360,23,11,6,0,1,4,2,6,4,Swing
31-Dec-08,Maine,0,0,18541,34394,0,1264,0,83,331,0,514,1434,0,0,0,0,0,0,0,0,0,0,0,0,56561,31,11,6,2,0,3,10,4,6,Swing
31-Dec-12,Maine,0,0,36602,48634,1212,1980,0,166,348,0,859,2031,2,0,0,0,0,0,0,0,0,0,0,0,91834,25,14,6,1,0,7,7,1,3,Swing
31-Dec-17,Maine,8119,0,40485,39720,2748,2073,11,5,6,0,1275,1677,13,119,111,4,0,0,135,78,0,3,6,2,96590,23,12,4,0,0,8,3,4,4,Swing
31-Dec-09,Maine,0,0,21341,35648,197,1333,0,92,293,0,580,1471,0,0,0,0,0,0,0,0,0,0,0,0,60955,26,11,4,0,0,7,6,6,3,Swing
31-Dec-10,Maine,0,0,23380,37968,453,1291,0,137,390,0,688,1680,1,0,0,0,0,0,0,0,0,0,0,0,65988,24,11,4,2,1,4,6,1,6,Swing
31-Dec-11,Maine,0,0,27040,40838,663,1464,0,129,397,0,732,1864,0,0,0,0,0,0,0,0,0,0,0,0,73127,25,12,3,1,1,7,4,7,2,Swing
31-Dec-13,Maine,0,0,38737,50959,1237,2032,0,149,400,0,972,2272,2,0,0,0,0,0,0,0,0,0,0,0,96760,24,12,3,2,1,6,5,2,5,Swing
31-Dec-07,Maine,0,0,14846,33139,0,1017,0,97,367,0,458,1355,0,0,0,0,0,0,0,0,0,0,0,0,51279,21,9,3,0,1,5,6,4,2,Swing
31-Dec-16,Maine,6986,1,48845,46780,3032,2458,15,7,3,0,1249,1932,7,121,125,1,0,0,10,6,1,0,3,0,111582,20,11,2,1,3,5,5,2,2,Swing
31-Dec-14,Maine,0,0,32357,43264,1545,1771,0,148,493,0,1099,2407,1,0,0,0,0,0,0,0,0,0,0,0,83085,21,6,2,0,4,0,4,8,3,Swing
31-Dec-19,Florida,202456,0,608924,225560,46349,29538,19,472,221,6,48615,15133,110,10892,1224,157,0,0,2761,1521,465,588,524,4,1195539,1,0,0,0,0,0,0,1,0,Swing
